entry_idx,exit_idx,entry,exit,qty,pnl,exit_type,equity
1539,1576,93279.5325,93817.32521428571,0.37189049737432467,-200.0,stop_loss,9800.0
1549,1576,93308.349,93808.49571428572,0.3918850097414271,-196.0,stop_loss,9604.0
1677,1687,91973.6,92579.56285714285,0.31698312484971297,-192.08,stop_loss,9411.92
1751,1850,92334.205,91700.61,0.1842516123134886,116.74090030376503,max_bars_exit,9528.660900303765
1753,1847,92610.1395,91657.02451071428,0.24036162121175605,229.09226402594143,trailing_stop,9757.753164329706
1776,1841,92749.478,91759.27371428572,0.39417131616597617,390.31012657318826,take_profit,10148.063290902894
1784,1847,92614.905,91650.36693571428,0.38544943971012136,371.78065645801576,trailing_stop,10519.843947360909
1791,1841,92674.125,91755.05271428572,0.4578462047383045,420.793757894443,take_profit,10940.637705255353
1884,1911,91763.646,91064.58981785714,0.5039530763778007,352.2915135518127,trailing_stop,11292.929218807165
1895,1911,91728.2925,91068.51380614203,0.38206500275718963,252.07834848797899,trailing_stop,11545.007567295144
1896,1955,91574.7,90835.62169542773,0.3631831387684116,268.4207784501908,trailing_stop,11813.428345745335
1897,1955,91630.93,90836.24301328488,0.35764641830882854,284.216954475295,trailing_stop,12097.645300220629
1901,1955,91569.485,90837.47924185632,0.34074530257758745,249.42752354720622,trailing_stop,12347.072823767836
1907,2006,91524.03,91329.61,0.23300908689657776,45.30162667443224,max_bars_exit,12392.374450442268
1918,2017,91256.775,91054.6095,0.1953492861274872,39.49288610460422,max_bars_exit,12431.867336546873
1919,2018,91332.12,91042.265,0.1892099676212292,54.843455164850624,max_bars_exit,12486.710791711723
1959,2058,90678.15,90709.6285,0.2826307494266598,-8.896792045830498,max_bars_exit,12477.813999665892
1969,2068,90893.43,90973.113,0.3623629072091906,-28.87416353515158,max_bars_exit,12448.939836130741
1991,2006,90791.93,91267.60657142857,0.5234203483574378,-248.97879672261482,stop_loss,12199.961039408126
2126,2189,90111.15,89539.49216071428,0.41717367486903995,238.48060158251846,trailing_stop,12438.441640990644
2135,2199,89751.9,90366.38742857143,0.4048395805234839,-248.7688328198129,stop_loss,12189.672808170832
2169,2206,89840.5,90483.43671428571,0.37918733017800527,-243.79345616341666,stop_loss,11945.879352007414
2170,2192,89886.085,89339.30830714286,0.3806042678978792,208.1055428885195,trailing_stop,12153.984894895933
2183,2196,89657.6425,90171.7235,0.47284318599194075,-243.07969789791866,stop_loss,11910.905196998016
2186,2196,89675.6,90216.41799999999,0.44047739524196133,-238.21810393996032,stop_loss,11672.687093058055
2188,2196,89524.87,90116.54728571426,0.3945626230679773,-233.45374186116112,stop_loss,11439.233351196894
2190,2200,89443.285,90412.88307354285,0.235958252462254,-228.78466702393789,stop_loss,11210.448684172956
2444,2481,90386.21,89925.95182857141,0.5633488357962416,259.2859050400041,trailing_stop,11469.73458921296
2445,2481,90360.44,89926.24939642857,0.5596414010700896,242.99103771418555,trailing_stop,11712.725626927146
2479,2488,90024.35,91126.42154826972,0.21255835241035848,-234.2545125385429,stop_loss,11478.471114388603
2480,2488,89916.002,91057.1295482697,0.2011777058891164,-229.56942228777206,stop_loss,11248.901692100831
2483,2488,90009.425,91246.22497684114,0.1819033296043746,-224.97803384201663,stop_loss,11023.923658258815
2554,2653,90172.371,90399.1955,0.33295499326215355,-75.52234986919217,max_bars_exit,10948.401308389622
3146,3164,90514.755,90963.6962857143,0.48774312618498206,-218.96802616779246,stop_loss,10729.43328222183
3318,3336,90440.806,90840.33014285716,0.5371106339402298,-214.58866564443656,stop_loss,10514.844616577393
3321,3334,90532.449,90122.93099285713,0.4772536054142149,195.4439453909752,trailing_stop,10710.288561968368
3333,3336,90111.915,90664.33128571429,0.38776150663695835,-214.20577123936735,stop_loss,10496.082790729
3484,3509,91003.73,91467.00657142856,0.45312383306426207,-209.92165581458002,stop_loss,10286.16113491442
4074,4141,96047.59,97006.25820900772,0.2145927243287058,-205.7232226982884,stop_loss,10080.437912216132
4105,4139,96168.75,96758.973,0.3415806538279994,-201.60875824432264,stop_loss,9878.829153971808
4214,4313,95435.09,95627.703,0.10749755117609243,-20.70542582468043,max_bars_exit,9858.123728147128
4246,4272,96142.4105584,95167.29051949714,0.19393905619862076,189.11386002518444,trailing_stop,10047.237588172313
4268,4367,95424.085,95216.3345,0.19619744624136568,40.760117555368645,max_bars_exit,10087.997705727681
4301,4400,95466.9255,95644.805,0.34406213710254113,-61.2016009167299,max_bars_exit,10026.796104810952
4302,4401,95458.214,95581.15,0.33293024912134084,-40.92911310597682,max_bars_exit,9985.866991704976
4307,4406,95473.285,95611.7535,0.35834766287810454,-49.619863357237776,max_bars_exit,9936.247128347737
4326,4425,95461.1405,95664.5575,0.4204101659363584,-85.51857472427675,max_bars_exit,9850.72855362346
4337,4436,95456.5,95396.035,0.35603749954362734,21.527807409904185,max_bars_exit,9872.256361033364
4345,4444,95439.08,95246.8875,0.37349698728991165,71.78331972971809,max_bars_exit,9944.039680763082
4367,4397,95274.742,95746.47028571428,0.4216003144990949,-198.88079361526164,stop_loss,9745.15888714782
4371,4385,95161.975,95654.91042857144,0.3953929185163266,-194.9031777429564,stop_loss,9550.255709404863
4449,4497,95335.363,94869.9502,0.4825945056143441,224.60566012258323,trailing_stop,9774.861369527445
4479,4497,95407.3,94872.68994642857,0.386833781154934,206.80522846648037,trailing_stop,9981.666597993926
4489,4503,95188.6535,94403.93048928572,0.2660289517500727,208.75903995448158,trailing_stop,10190.425637948409
4496,4595,94860.0555,95462.3785,0.18574785115960935,-111.88020295401012,max_bars_exit,10078.5454349944
4498,4597,94671.2265,95509.3,0.1599102605990961,-134.01655178619635,max_bars_exit,9944.528883208202
4500,4599,94726.075,95510.084,0.12205410094302434,-95.69151362624024,max_bars_exit,9848.837369581963
4511,4610,94672.193,95439.1985,0.14133499730303334,-108.40472027391164,max_bars_exit,9740.432649308052
5068,5110,94915.113,95301.89728571428,0.5036622742477864,-194.80865298616104,stop_loss,9545.62399632189
5196,5295,92606.759,93001.5,0.1965488552928521,-77.58589168715466,max_bars_exit,9468.038104634736
5201,5300,92440.455,93011.31,0.22350844639202316,-127.59091416511747,max_bars_exit,9340.447190469618
5247,5277,92474.145,92942.31171428572,0.3990222673015243,-186.80894380939236,stop_loss,9153.638246660226
5346,5375,92792.365,93194.04800000001,0.4557642841076233,-183.07276493320452,stop_loss,8970.565481727022
5352,5379,92704.0,93274.45710877444,0.31450446821494493,-179.4113096345405,stop_loss,8791.154172092482
5450,5457,92739.03,92305.94232500001,0.371645920446607,160.9552676094515,trailing_stop,8952.109439701933
5489,5527,92563.67,91428.17628571427,0.3153556669517352,358.08437758807736,take_profit,9310.19381729001
5490,5528,92445.6075,91345.63318571428,0.3207715915640829,352.84051147304075,trailing_stop,9663.034328763051
5520,5527,92244.133,91391.18014285715,0.45315678341854804,386.52137315051544,take_profit,10049.555701913567
5563,5643,90901.777,90375.05345714284,0.3413581848229173,179.8013924932157,trailing_stop,10229.357094406783
5568,5647,90640.4675,89875.7429107143,0.30557449101685386,233.6803271390512,trailing_stop,10463.037421545834
5570,5647,90782.666,89875.9271,0.30915304310771047,280.32109023913694,trailing_stop,10743.35851178497
5573,5647,90923.85,89877.69601428571,0.2873936734400793,300.6580369384108,trailing_stop,11044.01654872338
5585,5643,90893.6,90373.32366785714,0.4250913718043611,221.16497974795175,trailing_stop,11265.181528471332
5629,5643,90924.055,90374.82274642856,0.38874283711047847,213.5101044859409,trailing_stop,11478.691632957272
5631,5647,90863.4915,89874.02854285715,0.3820234595164024,377.9980619510422,trailing_stop,11856.689694908315
5638,5647,90900.1345,89876.74768571429,0.3341289443390662,341.9431559078043,trailing_stop,12198.632850816119
5639,5647,90719.7415,89881.46385751232,0.2715773240942447,227.65719899483585,trailing_stop,12426.290049810954
5642,5701,90360.3335,89227.33502115791,0.19020066301275845,215.4970618682112,trailing_stop,12641.787111679165
5645,5736,90223.145,88145.72466375791,0.16940343891953832,351.92214904079464,trailing_stop,12993.70926071996
5646,5736,89859.005,88148.91616732934,0.16039965906552373,274.29766573213374,trailing_stop,13268.006926452093
5652,5736,90501.335,88156.88121375791,0.13687045753124932,320.8864623838258,trailing_stop,13588.893388835919
5707,5736,89246.646,88129.74445162714,0.3185028525166245,355.73632913699,trailing_stop,13944.629717972908
5715,5736,89412.832,88128.93725,0.3396945157299606,436.13200534948623,trailing_stop,14380.761723322394
5862,5901,89117.6765,88290.20811071429,0.4731101777606063,391.4837167462466,trailing_stop,14772.24544006864
5874,5901,89189.442,88294.50771745249,0.37881986637820125,339.0188853319166,trailing_stop,15111.264325400556
5883,5901,89150.243,88293.09009959534,0.4178977069707288,358.20223160241716,trailing_stop,15469.466557002974
5974,5986,87918.265,89095.55257142858,0.262798434850231,-309.3893311400595,stop_loss,15160.077225862915
6215,6227,89389.96,88564.37773571428,0.3446923609748679,284.5718998556235,trailing_stop,15444.649125718539
6218,6317,89012.105,89197.466,0.27123605030392234,-50.27658552038655,max_bars_exit,15394.372540198152
6225,6324,88766.565,89426.3435,0.2228943655099306,-147.06091013459383,max_bars_exit,15247.311630063557
6226,6325,88542.387,89442.6505,0.2108176183089846,-189.79140692051075,max_bars_exit,15057.520223143047
6230,6329,89103.16,89444.4695,0.20949483472830768,-71.50257729370196,max_bars_exit,14986.017645849344
6233,6332,88998.78,89518.1,0.24617353057076466,-127.84283789601122,max_bars_exit,14858.174807953334
6235,6334,88754.9815,89465.025,0.25265401570687707,-179.39534160156592,max_bars_exit,14678.779466351767
6243,6342,88919.86,89529.285,0.26148842001764483,-159.35758036925395,max_bars_exit,14519.421885982512
6317,6347,89095.255,89675.86671428572,0.5001422302973965,-290.38843771965026,stop_loss,14229.033448262862
6429,6441,89368.8685,88952.38984642857,0.6698634399789839,278.98382355916885,trailing_stop,14508.017271822031
6458,6499,88963.6825,89463.0272142857,0.5810822406551461,-290.1603454364406,stop_loss,14217.85692638559
6460,6499,88947.3965,89396.69192857142,0.6328956861009081,-284.3571385277118,stop_loss,13933.499787857878
6504,6516,88667.187,89563.75371428573,0.3108190292109685,-278.66999575715755,stop_loss,13654.82979210072
6509,6519,88711.75,89830.31328571429,0.24414943645108148,-273.0965958420144,stop_loss,13381.733196258705
6512,6528,88855.999,90243.08457142858,0.1929474788275189,-267.6346639251741,stop_loss,13114.098532333532
6792,6891,89315.6955,89217.0995,0.6628710359951029,65.35643266497648,max_bars_exit,13179.454964998507
6986,7008,88630.2345,88122.68152857143,0.6097913348345655,309.5014039466841,trailing_stop,13488.956368945192
7119,7125,87761.29,87221.00887142857,0.44433331003631243,240.06490220829664,trailing_stop,13729.021271153488
7168,7203,86413.6,87176.612,0.3598638362477577,-274.58042542306976,stop_loss,13454.440845730418
7176,7202,86257.28,87000.94228571428,0.36184276395857773,-269.08881691460834,stop_loss,13185.352028815809
7179,7203,86249.54,87181.42099999999,0.28298360045576404,-263.70704057631616,stop_loss,12921.644988239492
7637,7648,87736.33,88114.11857142857,0.6840675428257513,-258.43289976478985,stop_loss,12663.212088474702
7654,7673,87559.67,88370.57229591836,0.3123239914898341,-253.26424176949402,stop_loss,12409.947846705209
7661,7722,87721.7825,88905.87280612245,0.20961150990829638,-248.19895693410416,stop_loss,12161.748889771105
8033,8077,89062.01,88438.9757107143,0.44874948429642114,279.58631601594544,trailing_stop,12441.33520578705
8036,8073,89105.915,88660.98765357143,0.4908733256086667,218.40296619562915,trailing_stop,12659.738171982679
8037,8077,89070.3405,88438.00948928572,0.5029897473214884,318.05601530272196,trailing_stop,12977.7941872854
8053,8073,89159.443,88659.40465714286,0.5851305419142117,292.5877065338808,trailing_stop,13270.381893819282
8054,8077,89026.15,88437.33650357144,0.5570405874557279,327.99301595242423,trailing_stop,13598.374909771706
8062,8087,88836.363,87807.02671428572,0.528432742476797,543.9349963908759,take_profit,14142.309906162582
8071,8089,88699.675,87663.33553979592,0.3980376646668668,412.5021385417529,trailing_stop,14554.812044704335
8072,8089,88648.315,87663.36506836735,0.40896783063905473,402.81283682789206,trailing_stop,14957.624881532227
8104,8203,87843.271,87870.8415,0.5334714480747097,-14.708074559144654,max_bars_exit,14942.916806973082
8158,8234,87994.696,86704.46885714283,0.46326468605776217,597.71667227893,take_profit,15540.633479252012
8168,8234,87837.42,86649.79142857142,0.5234172990822764,621.6253391700881,take_profit,16162.2588184221
8169,8233,87957.363,86888.62214285713,0.6049084288451247,646.490352736884,take_profit,16808.749171158983
8174,8234,87707.7490320195,86828.18133603066,0.7644095729214573,672.3499668463481,take_profit,17481.09913800533
8180,8233,87773.2455,86939.85212631914,0.8390323076746553,699.2439655202255,take_profit,18180.343103525556
8191,8235,87645.465,86345.20274876813,0.5592823474280322,727.213724141014,take_profit,18907.55682766657
8227,8234,87669.2,86753.12314285716,0.8255882322641498,756.3022731066507,take_profit,19663.85910077322
8228,8235,87593.4,86174.77026530613,0.5544465513410767,786.5543640309207,take_profit,20450.413464804144
8229,8235,87660.5,86042.12540816327,0.5054556236351794,818.0165385921657,take_profit,21268.430003396308
8267,8282,84448.24,83362.87462500001,0.3661967054222668,397.4572245044009,trailing_stop,21665.88722790071
8268,8364,84172.355,81910.677125,0.360735881517321,815.8683619463442,trailing_stop,22481.755589847053
8417,8516,82550.965,83328.705,0.7643730885823246,-594.4835259140211,max_bars_exit,21887.272063933033
8444,8543,82351.8325,83007.985,0.3462162314424826,-227.17064580156236,max_bars_exit,21660.10141813147
8453,8486,82409.046,83093.43963714286,0.6329720278685245,-433.20202836262945,stop_loss,21226.89938976884
8459,8484,82162.765,82844.29078,0.6229228596391161,-424.5379877953768,stop_loss,20802.361401973463
8561,8568,82089.85,83565.89391378772,0.2818664296862555,-416.04722803946925,stop_loss,20386.314173933995
8562,8567,81893.0045,83397.59098521629,0.2709889311680658,-407.7262834786799,stop_loss,19978.587890455314
8764,8794,82894.8092545,82401.19811591072,0.8051586360951879,397.4352711079316,trailing_stop,20376.023161563244
8768,8794,82899.35,82399.16884084644,0.9817555124719757,491.0556102336361,trailing_stop,20867.07877179688
8774,8794,82851.819,82397.98436409286,1.134960691304618,515.0844721071516,trailing_stop,21382.163243904033
8780,8803,82778.95,81755.194,0.8354398213599397,855.2865297561614,take_profit,22237.449773660195
8788,8804,82667.45,81377.84257142855,0.689743228240974,889.4979909464078,take_profit,23126.947764606604
8800,8824,82324.1005,80658.91436090782,0.2509414782023575,417.8642712258692,trailing_stop,23544.812035832474
8821,8836,81179.2,79408.09869642858,0.27220256308440044,482.0983143142614,trailing_stop,24026.910350146736
8831,8930,80338.525,78571.035,0.07107067747550093,125.61671173117247,max_bars_exit,24152.52706187791
9017,9104,78250.985,76951.9388498731,0.3673684290158548,477.22854339121426,trailing_stop,24629.755605269125
9070,9164,78312.7005,76657.45186269715,0.26529614124557566,439.1310762784439,trailing_stop,25068.88668154757
9071,9094,78439.32,77377.70538671335,0.4023202618571367,427.1090692088504,trailing_stop,25495.99575075642
9086,9094,78154.2015,77360.93634285715,0.8861180358320722,702.9265629414363,trailing_stop,26198.922313697858
9098,9197,77880.1,76528.855,0.1453951152845696,196.4644225526997,max_bars_exit,26395.38673625056
9110,9209,77078.74,77885.2745,0.0735807776787819,-59.34543573476711,max_bars_exit,26336.041300515793
9130,9172,77425.769,76442.93496071428,0.5565058960776583,546.9529377283245,trailing_stop,26882.99423824412
9195,9294,75892.42,76359.328,0.11600357356435159,-54.16299652578379,max_bars_exit,26828.831241718333
9254,9353,75642.35,78067.95,0.0622376542232733,-150.96365408397116,max_bars_exit,26677.867587634362
9628,9674,78161.6675,77148.02048214286,0.8596345391785744,871.3659870853523,trailing_stop,27549.233574719714
9637,9674,78010.8,77148.27112142858,0.8736014401258864,753.50647047016,trailing_stop,28302.740045189876
9641,9674,78090.075,77150.2687355303,0.7965765496587033,748.6276314989013,trailing_stop,29051.367676688777
9669,9692,77708.111,76642.64456176363,0.6794032682851107,723.8813803858857,trailing_stop,29775.249057074663
9676,9708,77118.002,74965.66667204043,0.3431658827220774,738.6080527331548,trailing_stop,30513.857109807817
9688,9701,77272.2455,75704.25034896533,0.3334365548306448,522.8269011521579,trailing_stop,31036.684010959976
9775,9825,75644.34,76654.2892857143,0.6146186635303914,-620.7336802191995,stop_loss,30415.950330740776
9893,9948,76143.571,74968.27954285714,0.8585749658047999,1009.0758226271006,trailing_stop,31425.026153367875
9895,9948,76045.4145,74968.136025,0.8943049443103258,963.415466591587,trailing_stop,32388.441619959463
9900,9948,76033.91,74966.45474285714,1.0192581366981854,1088.012456404119,trailing_stop,33476.45407636358
9906,9948,76000.2565,74965.36841428571,1.1308150226444715,1170.266994081503,trailing_stop,34646.721070445084
9914,9948,75885.5,74964.57980357143,1.236208182240701,1138.4490820157177,trailing_stop,35785.1701524608
9919,9948,75749.445,74969.27115714285,0.9565844986933205,746.3022043631532,trailing_stop,36531.47235682395
9954,9976,75197.9395,73655.37730263898,0.4963946557427674,765.7196309208257,trailing_stop,37297.19198774477
9958,9983,75098.2995,73030.35499171358,0.3786133211089911,782.9513381514178,trailing_stop,38080.14332589619
9961,10048,74234.65,72065.72940548908,0.30024836653599424,651.2148656481793,trailing_stop,38731.35819154437
9967,10066,74788.368,73281.915,0.21429458185940206,322.82471572584365,max_bars_exit,39054.18290727022
9987,10086,73018.64,72811.895,0.21321423610751594,44.08097724404739,max_bars_exit,39098.263884514265
9991,10090,72343.26,72478.45,0.19925193737727284,-26.93686941403398,max_bars_exit,39071.32701510023
10072,10114,72627.4405,71244.85225163266,0.48296127217196855,667.7365793215013,trailing_stop,39739.06359442173
10089,10106,72701.5465,71325.73376532653,0.5720770473912186,787.0708870152362,trailing_stop,40526.134481436966
10092,10117,72361.2935,71079.1966767794,0.5485429977657502,703.2852348353769,trailing_stop,41229.41971627234
10094,10132,72015.6,70606.4325117551,0.5234882033666745,737.6825566640524,trailing_stop,41967.1022729364
10096,10135,71872.73,70189.68784285714,0.48041637965270073,808.5610199374445,trailing_stop,42775.66329287384
10123,10222,70899.615,69344.782,0.3392505781783597,527.4779942207931,max_bars_exit,43303.14128709463
10134,10233,70146.01,69299.945,0.2860915510286313,242.05204812103545,max_bars_exit,43545.19333521566
10165,10219,70592.1535,69132.23543732673,0.5809010386572927,848.0679189614453,trailing_stop,44393.26125417711
10167,10219,70734.6845,69132.81698018388,0.5831661451976143,934.1549066484308,trailing_stop,45327.41616082554
10177,10219,70904.825,69124.66498429014,0.7577230366502311,1348.868252826997,trailing_stop,46676.28441365254
10216,10256,69800.9,66778.14185139337,0.2769223318262318,837.0692350588884,trailing_stop,47513.353648711425
10221,10287,69343.372,66120.52807550419,0.27332454118541705,880.8823369750271,trailing_stop,48394.23598568645
10222,10287,69213.8175,66116.87637422269,0.29060103808824894,899.9743060490787,trailing_stop,49294.21029173553
10250,10293,68852.3125,65542.30887246305,0.26860732356747086,889.0912153913197,trailing_stop,50183.30150712685
10251,10311,68499.1295,65170.59380234693,0.25642764445202415,853.528568423651,trailing_stop,51036.830075550504
10280,10360,66611.505,61448.01289865761,0.1881293845112333,971.4045909541595,trailing_stop,52008.234666504664
10283,10321,66704.43,62524.00027463718,0.2507683257836013,1048.3193632852322,trailing_stop,53056.5540297899
10325,10424,62845.0038866995,65769.602,0.11399761775907281,-333.3972178189356,max_bars_exit,52723.15681197096
10328,10427,63401.096,66730.68,0.11474516136853893,-382.05365337010477,max_bars_exit,52341.10315860086
10353,10452,63603.29,64760.9875,0.26315095759519996,-304.6492057305695,max_bars_exit,52036.45395287029
10749,10848,68318.6,68903.2415,0.4765373119044409,-278.6034888377792,max_bars_exit,51757.85046403251
10767,10793,67980.2,69100.58498451786,0.9239297416379701,-1035.1570092806503,stop_loss,50722.69345475186
10782,10791,67859.827,68693.50485714286,1.216841565843821,-1014.4538690950372,stop_loss,49708.239585656826
11333,11352,69765.7665,68400.802025,1.0607354903521367,1447.8662617023724,trailing_stop,51156.1058473592
11339,11352,69706.585,68396.62070357143,1.3287504832876507,1740.615691969035,trailing_stop,52896.72153932823
11340,11352,69561.547,68397.15732857143,1.3366987551119391,1556.438224263783,trailing_stop,54453.15976359201
11344,11352,69461.9935,68398.61455357143,1.281639617884548,1362.8685865671798,trailing_stop,55816.02835015919
11396,11423,68686.404,70076.70636664313,0.8029336594589275,-1116.320567003184,stop_loss,54699.70778315601
11583,11667,69330.295,68458.7997765482,1.110213191423022,967.5454933383411,trailing_stop,55667.25327649435
11606,11688,68812.2,67976.359,1.6813837524614612,1405.3694770411407,trailing_stop,57072.62275353549
11607,11688,68892.5465,67975.92391071428,1.7703622709118108,1622.7540487369283,trailing_stop,58695.37680227242
11608,11681,68791.246,69387.71985714286,1.9680787715802393,-1173.9075360454483,stop_loss,57521.469266226966
11627,11688,68965.883,67985.21883369106,1.1316960275547028,1109.8137413770712,trailing_stop,58631.28300760404
11633,11688,68976.705,67981.98160357142,1.3219175519542006,1314.9423170784419,trailing_stop,59946.225324682484
11642,11681,68811.65,69255.41100000001,2.7017347321950647,-1198.9245064936497,stop_loss,58747.300818188836
11652,11720,68490.05,69746.7947332863,0.9349122262015616,-1174.9460163637768,stop_loss,57572.35480182506
11662,11761,68527.7595,68882.6165,0.8256058207805153,-292.9720047447143,max_bars_exit,57279.38279708035
11686,11785,68198.6065,68660.215,0.5360397948796676,-247.44052565471216,max_bars_exit,57031.942271425636
11687,11786,67959.805,68587.1045,0.5180839714325973,-324.9938162376869,max_bars_exit,56706.94845518795
11692,11791,68597.975,68594.1345,0.36842151163115555,1.4149228154215545,max_bars_exit,56708.36337800337
11750,11838,68971.845,68094.49888214286,1.4213418820138837,1247.0087823326492,trailing_stop,57955.37216033602
11756,11854,68652.625,67452.78048928571,1.5168792280182086,1820.0192151541785,trailing_stop,59775.391375490195
11759,11838,68827.703,68091.80424642857,1.7321936261588622,1274.7191304346752,trailing_stop,61050.11050592487
11764,11838,68778.8705,68092.34630357144,1.7152469404921595,1177.5585274979378,trailing_stop,62227.66903342281
11767,11849,68608.425,68005.31054285714,1.7965619147848084,1083.5324639589758,trailing_stop,63311.201497381786
11785,11810,68660.5,69174.63642857142,2.462817181552299,-1266.2240299476357,stop_loss,62044.97746743415
11787,11803,68587.1045,69092.99535714285,2.452899734849908,-1240.899549348683,stop_loss,60804.07791808547
11848,11874,67987.992,66872.20203401259,1.434868329028025,1601.0116840425908,trailing_stop,62405.089602128064
11850,11874,67802.7,66875.95219250376,1.2511951215531971,1159.5423356494193,trailing_stop,63564.631937777485
11863,11962,67537.711,67219.838,0.9180409841463746,291.8204417535535,max_bars_exit,63856.45237953104
11866,11965,67393.84,67853.55,1.1850777456675767,-544.7920904608493,max_bars_exit,63311.66028907019
11871,11966,67074.9065,67812.09064285713,1.717662022508801,-1266.2332057814037,stop_loss,62045.427083288785
11899,11966,66890.5835,67813.56747795171,1.3444529605157296,-1240.9085416657756,stop_loss,60804.51854162301
11907,11966,66812.959,67684.22012080887,1.3957817487637494,-1216.0903708324602,stop_loss,59588.42817079055
11922,11966,66722.3445,67512.91847795172,1.5074725410309369,-1191.7685634158108,stop_loss,58396.659607374735
11927,11960,66588.42,67440.89087799999,1.3700564116484746,-1167.9331921474948,stop_loss,57228.72641522724
11928,11960,66461.0595,67380.371378,1.245033982150455,-1144.5745283045449,stop_loss,56084.15188692269
11987,12086,66129.8,67295.45,0.35211695129930637,-410.44512428203444,max_bars_exit,55673.70676264066
12000,12034,66133.249,67723.00967980285,0.700403620116515,-1113.474135252813,stop_loss,54560.23262738784
12005,12034,66326.6635,67687.28941133,0.8019872644356087,-1091.204652547757,stop_loss,53469.027974840086
12153,12215,66943.88,67721.06688810686,1.3759632024952257,-1069.3805594968017,stop_loss,52399.64741534329
12170,12211,67024.413,67556.66571428571,1.968976240380995,-1047.9929483068656,stop_loss,51351.654467036424
12299,12398,65767.181,66481.3155,0.2862776511134932,-204.44074723910893,max_bars_exit,51147.21371979731
12300,12399,65561.6,66487.68,0.284213450010495,-263.20439178571553,max_bars_exit,50884.0093280116
12301,12400,65363.8045,66420.1685,0.28470145880202297,-300.7483718259406,max_bars_exit,50583.26095618566
12316,12415,65406.9,66596.1,0.5441275681476171,-647.0765040411486,max_bars_exit,49936.18445214451
12446,12486,66179.945,66721.49971428573,1.844178737064714,-998.7236890428902,stop_loss,48937.46076310162
12450,12479,66043.61,66553.10028571429,1.92103606821445,-978.7492152620324,stop_loss,47958.711547839586
12451,12479,66077.45,66580.12271428571,1.908148589922487,-959.1742309567917,stop_loss,46999.537316882794
12452,12479,66029.2285,66540.71978571427,1.8377453782521365,-939.9907463376559,stop_loss,46059.546570545135
12469,12503,66154.26,66986.87480885714,1.1063830736752482,-921.1909314109029,stop_loss,45138.355639134235
12471,12517,66229.35,67064.03538028573,1.0815657421406584,-902.7671127826848,stop_loss,44235.58852635155
12990,12998,69476.19,69952.929,1.8557570715360574,-884.711770527031,stop_loss,43350.87675582452
13140,13164,68919.9165,68272.72975,1.688151122717578,1092.549038620454,trailing_stop,44443.42579444498
13142,13164,68973.65,68276.33916988036,1.3509321782705646,942.019638665172,trailing_stop,45385.44543311015
13143,13242,68818.1105,68817.368,1.0735278385386924,0.7970944201074806,max_bars_exit,45386.24252753026
13146,13245,68864.0525,68707.0065,0.8922398119896849,140.12269351373394,max_bars_exit,45526.36522104399
13149,13248,68917.5025,68805.297,0.9033098971199283,101.35633866128686,max_bars_exit,45627.72155970528
13166,13265,68440.982,68382.875,0.9709646745414355,56.419844343582696,max_bars_exit,45684.14140404886
13175,13274,68388.045,68345.405,0.4706568846237511,20.068809560356474,max_bars_exit,45704.210213609214
13184,13283,68388.2,68389.9,0.4643061149406934,-0.7893203953978275,max_bars_exit,45703.42089321381
13263,13362,68560.055,68769.2185,1.5738065496861895,-329.1828862553025,max_bars_exit,45374.23800695851
13272,13296,68269.017,68788.02914285715,1.7484846407320997,-907.4847601391702,stop_loss,44466.75324681934
13309,13346,68351.2175,68883.5432142857,1.6706596000716079,-889.3350649363867,stop_loss,43577.41818188295
13320,13346,68390.925,68811.34657142858,2.0730343609062674,-871.548363637659,stop_loss,42705.86981824529
13377,13387,68622.208,69181.98085714286,1.525828531101726,-854.1173963649059,stop_loss,41851.75242188039
13416,13515,68264.25,68708.79,0.5791757388239871,-257.4667829368115,max_bars_exit,41594.28563894358
13420,13519,68301.72,68602.565,0.5819418453940085,-175.07429447756115,max_bars_exit,41419.21134446601
13465,13488,67827.854,68272.32314285715,1.8637609386431122,-828.3842268893203,stop_loss,40590.82711757669
13469,13488,67858.484,68308.79585714286,1.8027874004969413,-811.8165423515338,stop_loss,39779.01057522516
13478,13488,67915.2355,68330.40864285715,1.9162612639860452,-795.5802115045033,stop_loss,38983.43036372066
13595,13694,68170.84,68165.0,0.9683173065828621,5.6549730704405325,max_bars_exit,38989.085336791104
13611,13650,68261.3955,67806.2779892857,2.0368367455487495,927.0000693655461,trailing_stop,39916.08540615665
13613,13650,68267.75,67805.97506785714,2.1534200019583882,994.3953752794044,trailing_stop,40910.480781436054
13625,13650,68251.9925,67808.47167857143,1.7386994694776652,771.1494169201472,trailing_stop,41681.6301983562
13630,13706,68172.605,66844.42788532724,1.2268767756833967,1629.5096559861868,trailing_stop,43311.139854342386
13654,13706,67751.44,66846.67433532723,1.1259393942198526,1018.711304392581,trailing_stop,44329.851158734964
13664,13686,67823.9165,68298.06778571429,1.8698610546612642,-886.5970231746993,stop_loss,43443.254135560266
13736,13835,67127.735,67042.675,0.328580938101318,27.949094594897343,max_bars_exit,43471.203230155166
13799,13829,67556.104,67077.33124285714,2.329336182525706,1115.2227064204787,trailing_stop,44586.425936575644
13807,13906,67412.2755,68155.965,1.1091200134350654,-824.8409082315094,max_bars_exit,43761.58502834413
13819,13913,67468.95,68230.63084729057,1.1490793075344274,-875.2317005668826,stop_loss,42886.35332777725
13823,13907,67330.845,68096.81513300486,1.1197917903022307,-857.7270665555451,stop_loss,42028.6262612217
13824,13907,67276.3,68044.90699014772,1.0936311222760107,-840.5725252244341,stop_loss,41188.053735997266
13962,13992,67492.255,66744.57036428571,1.326903575772005,992.1054166790844,trailing_stop,42180.15915267635
13964,13992,67353.76,66744.65871071428,1.351173710781597,823.0016492860287,trailing_stop,43003.16080196238
13973,13992,67449.8,66742.43290714287,1.606644966707229,1136.4877793532446,trailing_stop,44139.648581315625
13976,13992,67357.91,66742.27876428571,1.6683209265805323,1027.0704735987804,trailing_stop,45166.71905491441
13979,14001,67128.365,67630.88571428572,1.7976062586440822,-903.3343810982882,stop_loss,44263.384673816116
14027,14050,67125.0455,65967.76111018388,0.7493096483974636,867.1643592289812,trailing_stop,45130.5490330451
14030,14050,67071.56,65967.7849244696,0.7633738895286213,842.5930725723896,trailing_stop,45973.14210561749
14965,15064,67952.7625,67993.158,2.2250070219938554,-89.88027115694993,max_bars_exit,45883.261834460536
15070,15144,67933.858,67407.12269699019,1.9382603158981775,1020.9501348065011,trailing_stop,46904.21196926704
15132,15231,67618.57,67475.469,1.927199264555552,275.78414195718267,max_bars_exit,47179.99611122422
15147,15246,67337.8995,67576.32,1.7059917489754632,-406.74340578661713,max_bars_exit,46773.252705437604
15149,15248,67379.14,67534.138,1.7581511504419947,-272.50991201622037,max_bars_exit,46500.742793421385
15293,15392,64768.075,66169.755,0.35272705092286194,-494.4104527375598,max_bars_exit,46006.332340683824
15297,15396,64889.4895,66201.3915,0.4863051115832822,-637.9846484963284,max_bars_exit,45368.3476921875
15309,15328,64668.48,65195.59542857143,1.7213818922031285,-907.3669538437499,stop_loss,44460.980738343744
15444,15543,65639.795,64884.855,0.2764002984956906,208.6656413463353,max_bars_exit,44669.64637969008
15452,15551,65481.25,64927.1365,0.2786065647443937,154.37965871349246,max_bars_exit,44824.02603840357
15455,15554,65382.85,64603.2271,0.23687263478051027,184.67133045822277,max_bars_exit,45008.697368861795
15461,15560,64769.05,64121.785,0.2522847316683059,163.29507684328587,max_bars_exit,45171.99244570508
15470,15569,64783.54,64183.6615,0.703318809222801,421.90583229835926,max_bars_exit,45593.89827800344
15481,15558,64613.3545,63775.79426891274,0.9488343455156344,794.7059136936073,trailing_stop,46388.60419169705
15484,15497,64689.32,63962.45537962703,1.1400279828172584,828.6460069450328,trailing_stop,47217.25019864208
15485,15558,64605.5175,63772.86542962702,1.119028503314895,931.7614000915288,trailing_stop,48149.01159873361
15486,15581,64481.085,63691.301056685435,1.0655945732290795,841.5894840194619,trailing_stop,48990.60108275307
15495,15594,64166.435,62969.86038777269,1.1137321784368366,1332.6636495381292,trailing_stop,50323.2647322912
15561,15594,64121.785,62978.279893508094,0.8273207775859412,946.0455338763813,trailing_stop,51269.31026616758
15578,15594,63848.798,62971.30760524601,1.0935770674653906,959.60337262412,trailing_stop,52228.9136387917
15614,15713,62892.255,62947.78,1.1816505131371011,-65.61114474193926,max_bars_exit,52163.30249404976
15616,15715,63140.39,62825.6995,1.1181887924427465,351.88339018820074,max_bars_exit,52515.185884237966
15636,15725,63055.152,63727.44328571428,1.562274775834492,-1050.3037176847592,stop_loss,51464.88216655321
15680,15725,63135.745,63651.70028571429,1.994935747011706,-1029.2976433310641,stop_loss,50435.58452322215
15693,15719,63077.193,63555.178053483425,2.1103414910429206,-1008.7116904644431,stop_loss,49426.872832757705
15695,15719,63000.4685,63430.40909817029,2.299241943798994,-988.5374566551542,stop_loss,48438.33537610255
15710,15726,62797.185,63825.03696410971,0.942515791523693,-968.766707522051,stop_loss,47469.5686685805
15713,15727,62842.056,63908.61453553828,0.8901446491096311,-949.3913733716099,stop_loss,46520.17729520889
16298,16397,67540.8835,67580.15,0.2616898733711147,-10.275645412726327,max_bars_exit,46509.901649796164
16299,16398,67346.244,67576.85,0.2530230268914243,-58.348628139323736,max_bars_exit,46451.55302165684
16301,16400,66955.546,67586.2735,0.2555473429267959,-161.180736735859,max_bars_exit,46290.37228492098
16316,16415,67202.58,67167.416,0.4987661858063996,17.538614157698383,max_bars_exit,46307.91089907868
16442,16456,67244.3275,67907.50860857143,1.39653890319136,-926.1582179815736,stop_loss,45381.7526810971
16443,16456,67201.21,67854.33725142857,1.3896756744366399,-907.635053621942,stop_loss,44474.11762747516
16444,16454,67173.82,67806.98953714286,1.4048091393708755,-889.4823525495033,stop_loss,43584.63527492566
16569,16668,65802.206,65534.02,0.5674479673048106,152.18160055961292,max_bars_exit,43736.816875485274
16582,16681,65884.43,65703.89,0.4707250135516374,84.9846939466096,max_bars_exit,43821.80156943188
16603,16702,65999.045,65955.575,0.6517185757030769,28.330206485813513,max_bars_exit,43850.131775917696
16605,16704,65930.7975,65933.956,0.6628053801871876,-2.09347079332455,max_bars_exit,43848.03830512437
16606,16705,65727.1615,65955.44,0.6562872293629499,-149.81626428813038,max_bars_exit,43698.22204083624
16612,16711,65459.5635,65774.42,0.8268168681419925,-260.32866524415067,max_bars_exit,43437.89337559209
16631,16730,65455.59,65892.03,1.3286824292765844,-579.8901594334756,max_bars_exit,42858.00321615861
16632,16686,65226.5045,65893.83707142857,1.2844571073284174,-857.1600643231723,stop_loss,42000.84315183544
16634,16696,65356.2795,66000.39464285714,1.304140839339061,-840.0168630367089,stop_loss,41160.82628879873
16674,16677,65471.36,65013.24585714286,1.9955105655051595,914.1716122787683,trailing_stop,42074.9979010775
16766,16770,65557.8,64943.81528450321,2.287608538339741,1404.556677580562,trailing_stop,43479.55457865806
16814,16859,63470.381,64333.79107192843,1.0071588458899152,-869.5910915731614,stop_loss,42609.963487084904
16840,16860,63956.13,64469.37257142856,1.6604220249494883,-852.1992697416981,stop_loss,41757.7642173432
16850,16859,63938.5415,64454.068785714284,1.6200020978321674,-835.155284346864,stop_loss,40922.608932996336
17135,17148,66352.35,66870.22370724844,1.580408827875279,-818.4521786599267,stop_loss,40104.15675433641
17138,17148,66270.1115,66779.39406439128,1.5749275376144434,-802.0831350867281,stop_loss,39302.07361924968
17142,17148,66233.425,66822.11709042857,1.3352336224065093,-786.0414723849935,stop_loss,38516.03214686469
17366,17447,65823.1065,66938.76692142856,0.6904615671056313,-770.3206429372938,stop_loss,37745.71150392739
17370,17447,65781.055,66710.17495,0.8125045965039731,-754.9142300785478,stop_loss,36990.797273848846
17422,17447,65986.706,66745.29786285714,0.9752489865769928,-739.8159454769769,stop_loss,36250.98132837187
17639,17667,67854.803,66976.00174642858,1.2629906924391143,1109.9178037645324,trailing_stop,37360.8991321364
17657,17667,67993.5,66976.97552142857,1.2189509589357483,1239.0934879363076,trailing_stop,38599.992620072706
17658,17667,67931.368,66977.2278357143,1.2389792878596395,1182.1599012649872,trailing_stop,39782.152521337695
17732,17751,66865.733,67987.22349671427,0.7094514423062998,-795.6430504267539,stop_loss,38986.50947091094
17737,17751,66546.545,68150.63727185712,0.4860881154395769,-779.7301894182187,stop_loss,38206.77928149272
17740,17839,66862.483,68444.9,0.35101417545958064,-555.4507984882237,max_bars_exit,37651.3284830045
18318,18417,71531.763,70920.525,0.33481142211139653,204.64946402852985,max_bars_exit,37855.97794703303
18322,18421,71472.482,70902.1485,0.271477399993464,154.83265570917445,max_bars_exit,38010.8106027422
18344,18443,70774.955,71181.66,0.41081947329424606,-167.08233388613706,max_bars_exit,37843.728268856066
18360,18459,70864.385,71088.366,0.5491949325173158,-123.00923018016077,max_bars_exit,37720.7190386759
18418,18440,70920.525,70470.86507500001,1.4717322777539614,661.779025634904,trailing_stop,38382.49806431081
18436,18492,70795.3,70182.189225,1.2552139844992343,769.5852188271739,trailing_stop,39152.08328313798
18475,18492,70877.855,70179.724825,1.5264178374027644,1065.638351949111,trailing_stop,40217.721635087095
18495,18592,70320.19,68723.04926785713,0.6280757357716141,1003.1253404714479,trailing_stop,41220.84697555854
18564,18575,70252.6885,69762.32483546429,1.5127098996391435,741.777969766509,trailing_stop,41962.62494532505
18565,18591,70195.3,69106.45602000003,1.5415477594990596,1678.5049978130019,take_profit,43641.129943138054
18571,18592,70028.757,68712.54516760714,1.0143194474050852,1335.0592585007591,trailing_stop,44976.189201638816
18589,18688,69222.286,68294.2735,0.426921210811154,396.1882201478848,max_bars_exit,45372.3774217867
18619,18718,68533.31,68289.8495,0.4319193442204909,105.15529950359327,max_bars_exit,45477.5327212903
18624,18723,68361.7945,68210.9155,0.5016807580414671,75.69309109253892,max_bars_exit,45553.225812382836
18633,18732,67862.216,68264.3015,0.3703642265068727,-148.91808519712953,max_bars_exit,45404.307727185704
18676,18775,68009.24,68074.7355,0.8524463710171619,-55.83140129294599,max_bars_exit,45348.476325892756
18712,18787,68222.2655,67846.58838928571,2.3367338458045896,877.8574197001476,trailing_stop,46226.33374559291
18752,18794,68174.235,67483.78655100001,1.780119846479098,1229.080987035591,trailing_stop,47455.414732628495
18754,18794,68129.38,67483.86106528572,1.8170225325037692,1172.9224495336905,trailing_stop,48628.337182162184
18756,18855,67905.03,68056.4425,1.5638667358927671,-236.78897214837272,max_bars_exit,48391.54821001381
18771,18794,67941.45,67480.17723476427,2.580955591112632,1190.5245224631367,trailing_stop,49582.07273247695
18777,18794,68048.6,67479.87502809642,2.7325389464528067,1554.0631355468377,trailing_stop,51136.13586802378
18786,18794,67836.885,67479.85065714286,2.825776291274602,1008.8991812165023,trailing_stop,52145.03504924029
18877,18943,67702.4,67228.879425,2.4187298974314033,1145.3183718013795,trailing_stop,53290.35342104167
18895,18943,67834.3,67230.24943571429,2.1931205149873794,1324.7556846247087,trailing_stop,54615.10910566638
18900,18943,67855.2695,67229.17249285715,2.4662517199292098,1544.1128207085735,trailing_stop,56159.22192637495
18934,18947,67600.5045,67049.1659745,2.282714346183517,1258.5483617624905,trailing_stop,57417.77028813744
18939,19038,67359.4745,66973.245,2.094603774066454,808.9977683558021,max_bars_exit,58226.768056493245
19021,19032,67260.6775,66922.8099607143,2.9829406982788735,1007.8388335626843,trailing_stop,59234.60689005593
19027,19126,67073.58,67557.765,1.1232101798914005,-543.8415209507151,max_bars_exit,58690.76536910522
19072,19098,67036.454,67409.32431428572,3.1480524525817355,-1173.8153073821043,stop_loss,57516.95006172312
19156,19255,67017.6,67010.19,0.4899511385204709,3.6305379364384005,max_bars_exit,57520.58059965955
19211,19258,66946.1,67453.26942857144,2.2682984170272396,-1150.411611993191,stop_loss,56370.16898766636
19286,19321,65977.071,67568.62187857142,0.7083677907710295,-1127.4033797533273,stop_loss,55242.76560791303
19294,19393,66243.375,67964.85,0.35353024245199655,-608.5934741250528,max_bars_exit,54634.17213378798
19964,20020,69538.905,70332.18162857142,1.3774305246374565,-1092.6834426757596,stop_loss,53541.488691112216
19968,20020,69538.66,70336.64705714285,1.3419137118041697,-1070.8297738222443,stop_loss,52470.65891728997
19977,20020,69471.4,70367.63003915868,1.1709194431051486,-1049.4131783457995,stop_loss,51421.24573894417
19998,20017,69446.535,69945.44171428571,2.0613571341714487,-1028.4249147788835,stop_loss,50392.82082416528
19999,20017,69426.163,69931.83357142856,1.9931087024424285,-1007.8564164833057,stop_loss,49384.964407681975
20008,20021,69282.69,70940.755974619,0.5956935992131456,-987.6992881536395,stop_loss,48397.26511952833
20200,20245,69428.3575,69942.70064285713,1.8819057196207736,-967.9453023905667,stop_loss,47429.319817137766
20650,20749,71077.4525,71085.5385,1.4596058850203122,-11.802373186267957,max_bars_exit,47417.517443951496
20703,20758,70806.417,71222.68285714286,2.2782323666616673,-948.3503488790299,stop_loss,46469.167095072466
20794,20893,70583.1385,70592.548,1.4888384077007228,-14.009224997251458,max_bars_exit,46455.157870075214
20798,20897,70613.0405,70637.6055,2.2358719110407486,-54.924193494721194,max_bars_exit,46400.233676580494
20820,20862,70457.5875,70892.43607142856,2.1340869776412768,-928.0046735316098,stop_loss,45472.22900304889
20888,20981,70675.4005,71024.29435714286,2.606651167517101,-909.4445800609777,stop_loss,44562.78442298791
20895,20980,70560.9215,70950.59935714286,2.287160207137502,-891.2556884597583,stop_loss,43671.528734528154
20897,20980,70592.9425,70988.31835714285,2.2091145903605227,-873.4305746905632,stop_loss,42798.09815983759
21683,21734,74196.925,73578.93012584688,1.3631594808614156,842.4255718255913,trailing_stop,43640.523731663176
21685,21747,73965.319,74550.49631670315,1.491531625919166,-872.8104746332637,stop_loss,42767.713257029915
21716,21746,73812.8915,74345.37818431128,1.6063392575664333,-855.3542651405984,stop_loss,41912.35899188932
21720,21745,73733.226,74292.06812595557,1.4999713530980676,-838.2471798377863,stop_loss,41074.11181205153
21866,21895,73882.33,74500.68739442529,1.3284910047926788,-821.4822362410307,stop_loss,40252.6295758105
21923,21993,74036.05,73260.93184404145,2.077238380568324,1610.10518303245,take_profit,41862.73475884295
21929,21948,74109.5215,73773.15464652513,2.12342327322915,714.249205011403,trailing_stop,42576.98396385435
21943,21994,73896.1362070705,73034.79104441137,1.9772321624195408,1703.079358554145,take_profit,44280.063322408496
21985,21994,73925.026212121,73094.93046734613,2.133732818226585,1771.202532896371,take_profit,46051.26585530487
22021,22035,72153.8015,71223.45336526188,1.1745755190525926,1092.7641432596347,trailing_stop,47144.0299985645
22025,22038,71888.587772277,71101.65400242132,1.114436909953638,876.9880388161284,trailing_stop,48021.01803738063
22058,22097,71317.8312474745,70645.24922612452,1.396834787369386,939.4859647808752,trailing_stop,48960.504002161506
22060,22097,71263.581,70645.57497795756,1.3976752959896441,863.7717497815629,trailing_stop,49824.27575194307
22087,22186,71298.845,71257.7255,1.0573805118811819,43.478957958299,max_bars_exit,49867.75470990137
22089,22188,71169.065,71282.5475,1.1048699932402495,-125.38340900788468,max_bars_exit,49742.37130089349
22092,22191,71026.832,70839.188,1.2670695314153304,237.75799515289856,max_bars_exit,49980.12929604638
22096,22182,70628.06,71366.41171428571,1.3538298436646095,-999.6025859209277,stop_loss,48980.52671012546
22177,22182,71090.92020202,71536.90034910601,2.1965339502289165,-979.6105342025093,stop_loss,48000.91617592295
22178,22182,71050.9,71504.26836207886,2.1175238587809972,-960.0183235184589,stop_loss,47040.89785240449
22207,22230,70818.437,69985.2294865623,2.258304064413385,1881.6359140961467,take_profit,48922.53376650064
22211,22230,70769.3395,69951.12841654799,2.3916827701769865,1956.9013506600252,take_profit,50879.43511716066
22248,22299,70123.3845,69308.419975,1.4549473224056741,1185.7304535043666,trailing_stop,52065.16557066503
22251,22299,70096.165,69307.81049642857,1.5426261915031916,1216.1363053987684,trailing_stop,53281.30187606379
22254,22299,70112.7555,69307.47026428572,1.6111415262378548,1297.4284837255218,trailing_stop,54578.73035978932
22306,22405,69313.3215,70402.5885,0.7777222968894492,-847.1472331658738,max_bars_exit,53731.583126623445
22331,22372,68884.51,70056.53186779143,0.9169041056866186,-1074.631662532469,stop_loss,52656.95146409098
22348,22371,69130.75,69907.62614285715,1.3556073757248517,-1053.1390292818196,stop_loss,51603.81243480916
22431,22449,69834.9225,70429.82492857143,1.7348664236832392,-1032.0762486961833,stop_loss,50571.736186112976
22597,22696,70021.842,70803.75,0.9068316884585712,-709.0589518592607,max_bars_exit,49862.677234253715
22598,22697,69856.2175,70777.6775,0.8775926575013547,-808.6665301812039,max_bars_exit,49054.01070407251
22612,22711,69490.285,70480.158,0.676500332129266,-669.6494132657876,max_bars_exit,48384.36129080672
22652,22686,69640.775,70416.59642857143,1.2473066483842723,-967.6872258161345,stop_loss,47416.67406499059
22931,23004,70368.85,69642.06257142859,2.6096584613850107,1896.666962599662,take_profit,49313.34102759026
22953,23004,70351.4225,69779.30507142858,3.447777576063411,1972.5336411036103,take_profit,51285.87466869387
22993,23004,70275.105,69667.96557142856,3.378853176402363,2051.434986747706,take_profit,53337.309655441575
22994,23004,70269.8745,69665.5922142857,3.5306220894689604,2133.4923862177143,take_profit,55470.80204165929
22997,23005,70133.14,69546.58942857142,3.7828487256644543,2218.832081666372,take_profit,57689.63412332566
23022,23121,69046.6575,68744.3305,1.3054356916853758,394.6684563601708,max_bars_exit,58084.302579685835
23032,23131,68966.0195,68723.62,2.0432932297948976,495.2932572556673,max_bars_exit,58579.5958369415
23067,23104,69271.501,68853.5162892857,2.7838601451857166,1163.6109774545198,trailing_stop,59743.20681439602
23068,23107,69223.061,68840.117525,2.736114953452999,1047.7773682747747,trailing_stop,60790.98418267079
23088,23109,69157.45,68612.83544285713,3.040935006658095,1656.1374719513312,trailing_stop,62447.121654622126
23092,23109,69142.3845,68612.2623392857,3.3137801431807477,1756.7082896351014,trailing_stop,64203.829944257224
23106,23152,68829.2,68223.94500714286,2.0784655309774203,1258.0016401055477,trailing_stop,65461.83158436277
23114,23213,68793.6,68797.0485,1.7644525288278556,-6.084714545660395,max_bars_exit,65455.746869817114
23118,23217,68704.1655,68697.55,1.9554209487097407,12.936087286189062,max_bars_exit,65468.6829571033
23124,23152,68777.618,68220.01117857143,2.843700258442722,1585.666662205869,trailing_stop,67054.34961930917
23128,23152,68699.822,68219.70990714285,2.990852143767975,1435.944282170728,trailing_stop,68490.2939014799
23130,23152,68684.691,68219.95757857143,2.9888642471224336,1389.025107750766,trailing_stop,69879.31900923068
23138,23152,68625.0555,68218.37171428572,3.5393710244610834,1439.4048072752694,trailing_stop,71318.72381650594
23171,23262,68631.68,67479.56371428572,2.4760946338776764,2852.7489526602017,take_profit,74171.47276916614
23229,23262,68516.905,67657.44097910571,3.4519873300566752,2966.8589107666457,take_profit,77138.33167993279
23235,23263,68459.9185,67431.52527526119,2.584151056850998,2657.523438567214,trailing_stop,79795.8551185
23237,23263,68336.63,67435.44087909379,2.1176255821529146,1908.381136788899,trailing_stop,81704.2362552889
23259,23263,68111.01,67429.72149560269,3.1133736095835007,2121.10565010319,trailing_stop,83825.34190539208
23260,23355,67853.2115,68583.96860774972,2.2942053116259977,-1676.5068381078415,stop_loss,82148.83506728424
23289,23357,67990.28,68709.74531874999,2.283607921783095,-1642.9767013456847,stop_loss,80505.85836593855
23768,23791,70015.498,69121.53299285714,1.5974656954297586,1428.0784318253416,trailing_stop,81933.93679776389
23775,23796,69800.205,68945.64235000001,1.9144024654432281,1635.9768440356843,trailing_stop,83569.91364179958
23779,23789,69828.495,69157.16997142858,2.2178885450713235,1488.9240908882239,trailing_stop,85058.8377326878
23820,23827,69278.95,69830.84371804856,3.0824354382378627,-1701.176754653756,stop_loss,83357.66097803404
23823,23827,69301.457,69780.21300376285,3.482260705782133,-1667.1532195606808,stop_loss,81690.50775847335
23825,23827,69374.545,69820.32028947715,3.665098074605585,-1633.810155169467,stop_loss,80056.69760330388
24098,24197,70791.583,70863.0,1.7875424542837024,-127.66091945758146,max_bars_exit,79929.0366838463
24100,24199,70867.897,70675.75,2.3059381240939056,443.07909273026524,max_bars_exit,80372.11577657655
24205,24230,70861.779,70005.87785714286,3.756140131243652,3214.8846310630074,take_profit,83587.00040763956
24207,24231,70805.95,69955.96371428571,3.9335693675291297,3343.4800163055825,take_profit,86930.48042394513
24210,24232,70698.19,69942.14811428571,4.039665275890246,3054.1561528386155,trailing_stop,89984.63657678376
24218,24230,70743.1075,69992.03521428572,4.7923289562579745,3599.38546307142,take_profit,93584.02203985518
24291,24343,69575.7575,68849.1788,4.469449821853218,3247.4070412774,trailing_stop,96831.42908113258
24311,24343,69334.7855,68851.311325,3.8419605525840352,1857.4887085430942,trailing_stop,98688.91778967567
24320,24343,69361.531,68850.54270357142,4.170000000167451,2130.8211961927395,trailing_stop,100819.73898586842
24336,24376,69398.0245,68383.59285,2.0423034411720806,2071.777249628869,trailing_stop,102891.51623549729
24337,24376,69275.685,68383.47406071429,2.094350714897448,1868.6026185323485,trailing_stop,104760.11885402963
24340,24381,69136.715,68177.81626071427,1.9696001325157235,1888.6470839663211,trailing_stop,106648.76593799595
24350,24449,69037.575,68849.045,1.6798546777051038,316.70300238774126,max_bars_exit,106965.4689403837
24357,24381,68921.723,68167.42713138492,3.3003579668556613,2489.446379350095,trailing_stop,109454.91531973379
24363,24376,68961.621,68373.98796709922,3.6296310570089374,2132.8911063410114,trailing_stop,111587.80642607479
24367,24376,68927.4945,68374.09828138493,3.6734836416977252,2032.8919564598552,trailing_stop,113620.69838253465
24374,24401,68430.132,69095.21739825429,3.416725090665504,-2272.413967650693,stop_loss,111348.28441488396
24387,24403,68420.345,69187.11450921143,2.904348257911248,-2226.965688297679,stop_loss,109121.31872658628
24454,24470,68535.7315,69005.88884285714,4.641906390888498,-2182.4263745317257,stop_loss,106938.89235205455
24459,24551,68703.677,67641.21688742565,3.8132845139124263,4051.4626939294226,trailing_stop,110990.35504598398
24505,24551,68541.0775,67643.64444541454,3.373680760930324,3027.6526304779027,trailing_stop,114018.00767646187
24544,24580,68447.2245,66401.44095607713,2.2293269102718254,4560.720307058507,take_profit,118578.72798352038
24571,24577,67680.12,66663.52171428571,4.665706391594189,4743.149119340816,take_profit,123321.8771028612
24573,24578,67638.9485,66586.8170714286,4.68845901772205,4932.875084114379,take_profit,128254.75218697557
24595,24621,66574.5775,65693.69051656182,4.693328822293931,4134.2922685539515,trailing_stop,132389.0444555295
24596,24621,66511.375,65693.56281299039,4.890324820145395,3999.3672363504706,trailing_stop,136388.41169187997
24597,24621,66423.87,65693.95850941897,4.894961758638241,3572.888833584766,trailing_stop,139961.30052546473
24600,24621,66449.387727115,65695.45870260303,4.534862552947639,3418.964500839643,trailing_stop,143380.26502630438
24604,24621,66523.568,65695.173518511,4.733109622589957,3920.881891635996,trailing_stop,147301.14691794038
24609,24621,66345.185,65695.98263636815,4.615959637060985,2996.6919068091997,trailing_stop,150297.83882474957
24612,24621,66383.306,65699.03129708243,3.9543119688366013,2705.8356477190414,trailing_stop,153003.6744724686
24613,24712,66190.8,65953.33,3.833115316985524,910.2498943245569,max_bars_exit,153913.92436679316
24618,24717,66074.00905204,65876.118,2.9958111134053156,592.8442129448866,max_bars_exit,154506.76857973804
24619,24718,65893.16,65985.906,2.850761066371761,-264.396685861713,max_bars_exit,154242.37189387632
24638,24737,66073.2,66301.1565,3.545504738542839,-808.2208509316415,max_bars_exit,153434.15104294466
24639,24738,65902.1,66333.57,3.4610560197002824,-1493.3418408200848,max_bars_exit,151940.80920212457
24649,24748,65911.2745,66109.9855,3.8817412976339165,-771.3446949941165,max_bars_exit,151169.46450713044
24658,24757,65800.85,66125.501,4.14357607772233,-1345.2161172086242,max_bars_exit,149824.24838992182
24675,24734,65709.0,66339.64177762228,4.75148503338319,-2996.4849677984366,stop_loss,146827.7634221234
24693,24735,65802.755,66364.10053568287,5.231279277691623,-2936.555268442468,stop_loss,143891.20815368093
24764,24830,66013.05,66480.06962435287,6.162105429855003,-2877.8241630736184,stop_loss,141013.3839906073
24765,24829,65952.0375,66449.20683863858,5.672650062320896,-2820.267679812146,stop_loss,138193.11631079516
24770,24830,66014.7685,66487.20441006715,5.850237603282745,-2763.862326215903,stop_loss,135429.25398457926
24858,24897,66233.2,66518.643,9.489057639148943,-2708.585079691585,stop_loss,132720.6689048877
24859,24897,66209.875,66506.71385714287,8.94227057618743,-2654.413378097754,stop_loss,130066.25552678993
