symbol_id,lookback,candle_interval,macd_fast,macd_slow,macd_signal,stoch_k_len,stoch_d_len,cci_len,ema_fast,ema_mid,ema_slow,rsi_len,atr_len,atr_baseline_len,volume_sma_len,bb_len,bb_std_mult,donchian_len,adx_len,atr_percentile_window,macro_ema_period,type,side,win_rate,net_return,max_drawdown,calmar_ratio,run_timestamp
1,YTD,15m,8,21,7,10,3,14,8,34,89,14,14,100,20,20,1.5,14,14,60,50,,,70.2127659574468,21.266743781555064,-0.0231907091002982,50.439767498603445,2026-04-25 15:30:16.405983
1,YTD,15m,8,21,7,10,3,14,12,21,89,14,7,60,20,14,1.5,14,14,60,0,,,70.0,22.130579288711115,-0.0178760024760334,67.90708862794737,2026-04-25 15:30:39.101711
1,YTD,15m,8,21,7,10,3,14,12,34,89,14,14,100,10,14,2.0,14,14,120,50,,,70.0,23.668342653450093,-0.0569993130095493,21.294601280297503,2026-04-25 15:31:12.222477
1,YTD,15m,8,21,7,10,3,20,8,21,89,14,7,100,20,20,2.0,14,14,120,0,,,73.68421052631578,20.647195319911063,-0.0328126017857472,38.45130968842756,2026-04-25 15:31:35.029595
1,YTD,15m,8,21,7,10,3,20,8,34,55,14,14,100,20,20,2.0,14,14,60,0,,,68.0,22.21333683201163,-0.0099532192031241,114.75454930187144,2026-04-25 15:31:50.541845
1,YTD,15m,8,21,7,10,3,20,8,34,89,7,7,100,10,14,2.0,20,7,120,50,,,66.66666666666666,21.50364418166179,-0.0178000990383531,59.27451198763493,2026-04-25 15:31:52.898483
1,YTD,15m,8,21,7,10,3,20,12,21,89,7,7,60,20,20,2.0,20,14,120,0,,,65.51724137931035,24.052106213034666,-0.0305725249649738,51.93658237621379,2026-04-25 15:32:17.247253
1,YTD,15m,8,21,7,10,5,14,12,34,55,7,7,100,10,14,2.0,14,7,120,50,,,68.75,20.041801510701923,-0.0231798057873867,48.93423562020759,2026-04-25 15:34:27.001129
1,YTD,15m,8,21,7,10,5,20,8,34,55,14,7,60,20,14,2.0,14,14,120,50,,,67.85714285714286,21.3094871859271,-0.0322391320925371,35.89178970178787,2026-04-25 15:35:26.395889
1,YTD,15m,8,21,7,10,5,20,12,21,55,7,7,60,10,14,1.5,14,7,120,50,,,66.66666666666666,20.76308415665779,-0.0208223189367734,52.63335487273071,2026-04-25 15:35:45.776178
1,YTD,15m,8,21,7,10,5,20,12,21,89,14,14,60,10,14,1.5,14,14,120,50,,,65.0,20.156026288594344,-0.0245831358607206,49.84187684768396,2026-04-25 15:36:13.476842
1,YTD,15m,8,21,7,10,5,20,12,21,89,14,14,100,20,14,2.0,14,14,120,50,,,77.77777777777779,20.88100854188416,-0.0181286237354538,65.7407109939126,2026-04-25 15:36:15.081851
1,YTD,15m,8,21,7,10,5,20,12,34,55,7,7,100,10,20,2.0,14,14,60,0,,,66.66666666666666,20.667128173010912,-0.0149382769268923,73.2942605855869,2026-04-25 15:36:19.059004
1,YTD,15m,8,21,7,14,3,14,8,21,89,7,7,100,10,20,2.0,20,7,60,50,,,70.0,21.22848226368643,-0.0109429009595886,114.56440901438847,2026-04-25 15:37:03.177835
1,YTD,15m,8,21,7,14,3,14,8,34,55,14,7,100,20,14,1.5,14,14,60,0,,,76.19047619047619,25.09194556059281,-0.0345208874431134,37.83502347386087,2026-04-25 15:37:22.565699
1,YTD,15m,8,21,7,14,3,14,12,21,55,14,14,100,20,20,2.0,14,14,120,50,,,72.72727272727273,20.19572483745074,-0.030480222223611,45.22138565021272,2026-04-25 15:37:54.245505
1,YTD,15m,8,21,7,14,3,14,12,21,89,7,14,100,20,14,1.5,14,14,120,50,,,67.74193548387096,20.827393684029705,-0.0121319124662729,105.29151232299152,2026-04-25 15:37:59.765058
1,YTD,15m,8,21,7,14,3,14,12,34,55,14,7,60,20,14,1.5,20,14,60,0,,,78.94736842105263,21.101973790204845,-0.025570169748484,41.02771964792936,2026-04-25 15:38:15.147590
1,YTD,15m,8,21,7,14,3,20,8,21,89,7,14,60,10,14,1.5,14,7,120,0,,,66.66666666666666,20.607285467479613,-0.0625274654931695,17.803195102451184,2026-04-25 15:38:52.085413
1,YTD,15m,8,21,7,14,3,20,8,34,89,7,14,60,10,20,1.5,14,14,60,50,,,72.72727272727273,21.53014451660169,-0.0269967109849509,55.562575889832345,2026-04-25 15:39:19.047187
1,YTD,15m,8,21,7,14,3,20,12,21,55,14,7,100,10,20,1.5,14,14,120,50,,,77.77777777777779,20.421844677720188,-0.0660843791041159,16.981855115699048,2026-04-25 15:39:42.206186
1,YTD,15m,8,21,7,14,5,14,8,21,89,7,7,60,20,14,2.0,20,7,60,50,,,75.0,22.546606078834,-0.0305674960716377,36.24252174490265,2026-04-25 15:40:45.242065
1,YTD,15m,8,21,7,14,5,20,8,21,55,14,14,60,20,14,1.5,20,14,60,0,,,70.0,23.4935373214073,-0.0227303712980525,56.24922239607425,2026-04-25 15:42:33.862778
1,YTD,15m,8,21,7,14,5,20,8,21,89,7,7,60,10,14,1.5,20,14,120,0,,,80.0,22.758557741624735,-0.0223419563117045,58.5899726354896,2026-04-25 15:42:36.551706
1,YTD,15m,8,21,7,14,5,20,8,34,55,14,7,60,20,14,1.5,14,14,120,50,,,65.11627906976744,25.047720854638698,-0.0291287131568409,49.56938040101793,2026-04-25 15:42:56.204233
1,YTD,15m,8,21,7,14,5,20,12,21,55,7,7,60,10,20,1.5,14,14,60,50,,,66.66666666666666,21.17077299090078,-0.0193723302405282,58.18980129187102,2026-04-25 15:43:17.219881
1,YTD,15m,8,21,7,14,5,20,12,21,89,14,14,60,20,20,1.5,14,14,60,50,,,67.3913043478261,21.718151067750554,-0.0250867245033485,41.4225251358721,2026-04-25 15:43:44.154578
1,YTD,15m,8,21,7,14,5,20,12,34,89,14,7,60,20,20,2.0,20,14,120,50,,,70.58823529411765,21.56165882203914,-0.0300704027768235,53.693716025379786,2026-04-25 15:44:07.158883
1,YTD,15m,8,21,9,10,3,14,8,34,55,14,7,60,10,14,1.5,20,7,60,50,,,69.6969696969697,30.698930963021727,-0.0121823764125401,153.9126554167908,2026-04-25 15:44:47.115394
1,YTD,15m,8,21,9,10,3,14,12,21,55,14,7,100,10,14,1.5,14,14,60,50,,,67.44186046511628,20.881920392516815,-0.0227837744198404,48.96338781411721,2026-04-25 15:45:16.753634
1,YTD,15m,8,21,9,10,3,14,12,34,89,7,14,100,20,20,1.5,14,14,60,0,,,70.0,22.327720119531094,-0.0268502353626544,63.89288119864122,2026-04-25 15:45:58.993646
1,YTD,15m,8,21,9,10,3,20,8,21,89,7,14,100,10,14,1.5,20,14,60,0,,,66.66666666666666,20.83480999396492,-0.0201825350773502,58.4801728060209,2026-04-25 15:46:26.054369
1,YTD,15m,8,21,9,10,3,20,8,34,55,14,7,100,20,20,2.0,14,14,60,50,,,68.18181818181817,20.914834260044003,-0.0152835011757274,73.02498840860619,2026-04-25 15:46:44.824094
1,YTD,15m,8,21,9,10,3,20,12,34,55,14,14,60,20,20,1.5,14,7,120,0,,,71.42857142857143,23.360413625964267,-0.0289228749389443,44.59041440872551,2026-04-25 15:47:43.961549
1,YTD,15m,8,21,9,10,3,20,12,34,89,14,7,60,20,14,1.5,20,14,120,50,,,69.23076923076923,20.42232034271672,-0.015326851939703,62.0757177982269,2026-04-25 15:47:54.542543
1,YTD,15m,8,21,9,10,5,14,12,34,89,14,7,60,20,20,2.0,20,7,60,50,,,70.96774193548387,22.450753689126287,-0.0392796037382653,32.12625651977582,2026-04-25 15:49:43.132239
1,YTD,15m,8,21,9,10,5,20,8,21,89,7,7,100,10,20,1.5,14,7,60,0,,,66.66666666666666,23.28306681627665,-0.0125839955546018,95.96254083308988,2026-04-25 15:50:05.074247
1,YTD,15m,8,21,9,10,5,20,8,21,89,7,14,60,10,20,1.5,20,7,120,50,,,66.66666666666666,20.23489362402231,-0.039091357583731,26.55273376687446,2026-04-25 15:50:06.136692
1,YTD,15m,8,21,9,10,5,20,8,21,89,14,14,100,10,14,2.0,14,7,60,0,,,66.66666666666666,21.37479114962265,-0.0286436430572803,45.11472767763959,2026-04-25 15:50:15.624818
1,YTD,15m,8,21,9,10,5,20,12,34,55,7,7,60,10,20,2.0,14,14,120,50,,,66.66666666666666,23.34308754400961,-0.0225244256908972,50.63356356092434,2026-04-25 15:51:11.304940
1,YTD,15m,8,21,9,10,5,20,12,34,89,14,14,100,10,14,2.0,20,14,120,50,,,70.0,20.59665742515509,-0.0523784898189185,20.996314283833858,2026-04-25 15:51:37.739303
1,YTD,15m,8,21,9,14,3,14,8,21,89,7,7,100,10,14,2.0,14,14,120,50,,,80.0,20.308039900600026,-0.0289002976135653,36.11719376170411,2026-04-25 15:51:56.001974
1,YTD,15m,8,21,9,14,3,14,8,34,89,14,14,100,20,20,1.5,20,14,120,0,,,74.07407407407408,22.125391813841716,-0.0334144473742743,34.44862728628079,2026-04-25 15:52:36.760954
1,YTD,15m,8,21,9,14,3,14,12,21,89,7,7,100,10,14,2.0,20,14,60,50,,,65.625,23.417747635055136,-0.0097333027529363,216.91376347381456,2026-04-25 15:52:54.380796
1,YTD,15m,8,21,9,14,3,20,8,21,55,14,14,100,20,14,1.5,20,14,60,50,,,80.0,23.619610795094896,-0.0259923653362764,52.32975441657155,2026-04-25 15:53:51.438975
1,YTD,15m,8,21,9,14,3,20,8,21,89,14,14,60,10,20,2.0,20,7,60,50,,,73.33333333333333,22.346764650344305,-0.009908175768394,165.5422200974935,2026-04-25 15:54:03.927695
1,YTD,15m,8,21,9,14,5,14,8,34,89,7,14,60,20,14,1.5,20,7,60,50,,,76.74418604651163,21.205651690387803,-0.0277606287047074,53.68184395238181,2026-04-25 15:56:14.098484
1,YTD,15m,8,21,9,14,5,20,8,34,55,14,14,60,20,14,2.0,14,14,60,50,,,70.0,20.1456843115709,-0.011753680081973,129.2626396892298,2026-04-25 15:58:01.171802
1,YTD,15m,8,26,7,10,3,14,8,34,55,14,14,100,20,20,2.0,14,14,60,0,,,66.66666666666666,23.696301173396872,-0.0190122533942557,74.50743934903119,2026-04-25 15:59:59.077549
1,YTD,15m,8,26,7,10,3,14,12,21,55,7,7,100,20,14,1.5,14,14,120,50,,,76.92307692307693,22.710187189608234,-0.0145154144186766,93.54977971515513,2026-04-25 16:00:16.014509
1,YTD,15m,8,26,7,10,3,20,8,34,55,7,14,100,20,14,1.5,14,14,120,0,,,75.0,20.453931220078157,-0.0322227093137646,47.388848930359785,2026-04-25 16:01:47.369628
1,YTD,15m,8,26,7,10,3,20,12,21,55,7,7,100,10,20,2.0,14,14,60,0,,,66.66666666666666,20.74158967208578,-0.0107442936959155,112.09655941427172,2026-04-25 16:02:13.094708
1,YTD,15m,8,26,7,10,3,20,12,21,55,7,14,60,10,20,1.5,14,7,120,50,,,73.68421052631578,23.893320312961645,-0.0147791988320588,87.49301868050294,2026-04-25 16:02:15.437983
1,YTD,15m,8,26,7,10,3,20,12,21,89,14,14,60,20,14,1.5,20,7,60,0,,,68.75,20.137509387737804,-0.0228860180814618,52.50295327411763,2026-04-25 16:02:36.473246
1,YTD,15m,8,26,7,10,3,20,12,34,55,14,14,100,20,20,2.0,14,7,120,50,,,73.33333333333333,22.588229681751013,-0.0190904855440719,66.1363608513653,2026-04-25 16:02:52.876774
1,YTD,15m,8,26,7,10,5,14,8,21,55,14,7,100,20,20,1.5,20,7,120,0,,,80.0,32.18581063323383,-0.0220789940481874,75.64986097289436,2026-04-25 16:03:16.849999
1,YTD,15m,8,26,7,10,5,14,8,34,55,14,14,100,20,20,1.5,20,7,120,50,,,66.66666666666666,23.65256275209192,-0.011716109762271,110.9850929886472,2026-04-25 16:03:50.573787
1,YTD,15m,8,26,7,10,5,14,12,21,89,7,14,100,10,20,1.5,14,14,60,50,,,73.91304347826086,20.27694203037256,-0.0370878497258213,32.98098826818127,2026-04-25 16:04:22.952994
1,YTD,15m,8,26,7,10,5,20,8,21,55,14,7,100,20,20,1.5,20,7,120,0,,,68.42105263157895,21.445899271086617,-0.0120068650363783,145.87148305905865,2026-04-25 16:05:11.481640
1,YTD,15m,8,26,7,10,5,20,8,21,89,7,14,60,10,14,2.0,14,7,60,50,,,66.66666666666666,21.189091089767157,-0.024003667318243,51.1425818033396,2026-04-25 16:05:18.649972
1,YTD,15m,8,26,7,10,5,20,12,34,55,14,7,60,10,20,2.0,20,14,120,50,,,71.42857142857143,23.23045727918429,-0.0302603068628929,36.18748125326817,2026-04-25 16:06:34.632983
1,YTD,15m,8,26,7,10,5,20,12,34,89,14,7,100,20,14,2.0,14,7,60,0,,,67.44186046511628,21.313194491759667,-0.0201909446247087,55.27599317067576,2026-04-25 16:06:50.394190
1,YTD,15m,8,26,7,14,3,14,8,21,55,7,7,60,20,14,1.5,20,7,120,50,,,73.68421052631578,22.4291218640376,-0.0205327802291685,61.369228517752376,2026-04-25 16:06:55.826019
1,YTD,15m,8,26,7,14,3,14,8,21,55,14,7,100,10,14,1.5,14,7,60,0,,,66.66666666666666,20.333783853955957,-0.011353316753652,111.83115843956132,2026-04-25 16:07:04.494393
1,YTD,15m,8,26,7,14,3,14,8,21,55,14,14,100,20,14,1.5,20,14,120,0,,,73.33333333333333,21.0280322323654,-0.0424045770423633,25.882887648317396,2026-04-25 16:07:08.988684
1,YTD,15m,8,26,7,14,3,14,8,21,89,14,14,100,10,20,2.0,20,14,120,0,,,65.11627906976744,21.278633877049952,-0.0050629653918851,381.69077660125663,2026-04-25 16:07:24.783926
1,YTD,15m,8,26,7,14,3,14,8,34,89,14,7,100,20,20,2.0,20,14,60,50,,,76.47058823529412,21.21285606859716,-0.0213298002186203,65.04899652920766,2026-04-25 16:07:51.482943
1,YTD,15m,8,26,7,14,3,14,12,21,55,14,14,60,10,20,2.0,14,14,60,0,,,71.42857142857143,22.120763934945646,-0.0224228951918836,56.00234380622116,2026-04-25 16:08:05.081040
1,YTD,15m,8,26,7,14,3,14,12,21,55,14,14,100,20,14,2.0,14,7,60,50,,,75.0,20.652323507325157,-0.0318304360821059,33.10221802892988,2026-04-25 16:08:07.651715
1,YTD,15m,8,26,7,14,3,20,8,21,55,7,7,100,10,14,1.5,20,14,120,0,,,68.75,20.345653421236435,-0.0291059594926207,39.9155441492741,2026-04-25 16:08:53.550082
1,YTD,15m,8,26,7,14,3,20,8,34,55,7,7,60,20,14,1.5,20,14,120,50,,,68.42105263157895,22.975674241350728,-0.0215710114319949,78.66017606257793,2026-04-25 16:09:21.710495
1,YTD,15m,8,26,7,14,3,20,12,21,55,14,14,100,10,14,2.0,20,7,120,50,,,67.56756756756756,20.049787506847338,-0.0243015189196705,50.7538307783011,2026-04-25 16:09:59.556076
1,YTD,15m,8,26,7,14,3,20,12,21,89,14,14,60,10,20,2.0,20,14,60,50,,,70.0,20.48961207029941,-0.0144621651521719,75.24945309511588,2026-04-25 16:10:12.322752
1,YTD,15m,8,26,7,14,5,14,8,21,55,7,7,60,20,20,2.0,14,7,60,50,,,66.66666666666666,22.072725206322588,-0.0190225279697621,58.48120291663681,2026-04-25 16:10:45.517046
1,YTD,15m,8,26,7,14,5,14,12,21,55,7,7,100,20,14,2.0,20,7,60,50,,,65.3061224489796,20.53542978318005,-0.0269198552789948,40.9550302262849,2026-04-25 16:11:44.295780
1,YTD,15m,8,26,7,14,5,14,12,34,55,14,7,60,10,20,1.5,20,7,60,50,,,76.47058823529412,20.361751078010972,-0.0300768337521268,35.11087094258129,2026-04-25 16:12:17.392952
1,YTD,15m,8,26,7,14,5,20,8,21,89,14,7,100,10,14,2.0,14,7,60,50,,,65.78947368421053,21.040653902041925,-0.014757526179521,101.0290490024462,2026-04-25 16:12:58.976849
1,YTD,15m,8,26,7,14,5,20,8,21,89,14,7,100,20,14,1.5,14,14,60,0,,,70.96774193548387,23.802234167895385,-0.0166325615308232,93.48159417709113,2026-04-25 16:13:00.157168
1,YTD,15m,8,26,7,14,5,20,8,34,89,7,14,60,20,20,2.0,14,7,60,0,,,71.875,20.506084704875622,-0.0267375099755369,39.90355016512869,2026-04-25 16:13:24.208614
1,YTD,15m,8,26,9,10,3,14,8,21,55,7,14,100,20,20,1.5,20,7,120,0,,,66.66666666666666,35.651921062674134,-0.0109893699789824,193.790755103423,2026-04-25 16:14:29.331223
1,YTD,15m,8,26,9,10,3,14,8,34,89,7,7,60,10,20,2.0,20,7,120,50,,,65.38461538461539,20.065042701289585,-0.0245920804893035,39.23656026874758,2026-04-25 16:15:05.681030
1,YTD,15m,8,26,9,10,3,14,8,34,89,14,14,60,10,14,2.0,14,7,120,0,,,75.0,20.9946216359266,-0.0249497825198001,50.10066679291371,2026-04-25 16:15:15.419026
1,YTD,15m,8,26,9,10,3,14,12,34,89,7,7,60,10,20,1.5,20,7,60,0,,,71.42857142857143,22.396228058677888,-0.0169988592892591,78.86223803239777,2026-04-25 16:16:01.477802
1,YTD,15m,8,26,9,10,3,20,8,21,55,14,14,60,20,20,2.0,20,14,60,0,,,71.42857142857143,20.394289421715573,-0.0225664661401562,48.88737344605772,2026-04-25 16:16:28.645801
1,YTD,15m,8,26,9,10,3,20,8,21,89,7,7,60,10,14,2.0,14,7,120,0,,,65.3061224489796,23.057818223048887,-0.012547540590438,133.27147604241352,2026-04-25 16:16:30.670527
1,YTD,15m,8,26,9,10,3,20,8,21,89,14,7,60,10,20,2.0,20,7,120,0,,,69.23076923076923,23.002419699715453,-0.0326520843289965,43.47549755500893,2026-04-25 16:16:38.269871
1,YTD,15m,8,26,9,10,3,20,8,34,55,7,14,100,10,14,2.0,14,14,60,0,,,78.57142857142857,20.48911611492821,-0.0203560768043777,55.11517171272384,2026-04-25 16:16:49.720528
1,YTD,15m,8,26,9,10,3,20,8,34,89,14,7,60,20,20,2.0,14,14,60,0,,,67.85714285714286,20.04221420297472,-0.010273253220826,143.4153808270497,2026-04-25 16:17:06.739647
1,YTD,15m,8,26,9,10,3,20,12,21,55,14,7,100,20,20,2.0,14,7,120,0,,,76.19047619047619,21.71195953090741,-0.0178193550728477,93.31422690260246,2026-04-25 16:17:21.735385
1,YTD,15m,8,26,9,10,3,20,12,34,55,14,14,60,10,20,2.0,20,7,60,0,,,68.18181818181817,21.210889573265906,-0.0387959824536132,26.42060187311091,2026-04-25 16:17:48.878013
1,YTD,15m,8,26,9,10,5,14,8,21,89,7,7,100,20,14,2.0,20,14,60,50,,,90.0,22.12683105632624,-0.0418507527024785,30.203826217223277,2026-04-25 16:18:26.169085
1,YTD,15m,8,26,9,10,5,14,8,34,55,7,7,60,20,14,2.0,20,7,60,50,,,66.66666666666666,20.40249740679976,-0.0200290832185956,53.60345863412388,2026-04-25 16:18:37.834916
1,YTD,15m,8,26,9,10,5,14,8,34,55,14,14,60,10,14,2.0,20,14,60,50,,,68.18181818181817,21.12082468813907,-0.0226338177090003,57.91145179066263,2026-04-25 16:18:45.835001
1,YTD,15m,8,26,9,10,5,14,12,34,55,14,14,60,20,14,1.5,20,7,120,50,,,66.66666666666666,24.73447951797766,-0.0155816622108975,88.34288425608567,2026-04-25 16:19:41.208834
1,YTD,15m,8,26,9,10,5,14,12,34,89,14,7,100,20,20,2.0,20,14,60,50,,,70.0,22.26038964777508,-0.0263051783802329,42.575892844572486,2026-04-25 16:19:53.513229
1,YTD,15m,8,26,9,10,5,20,12,21,55,14,7,100,20,14,1.5,14,7,60,50,,,72.72727272727273,26.761849411399925,-0.0213961090455929,61.66919461242294,2026-04-25 16:20:57.871828
1,YTD,15m,8,26,9,14,3,14,8,21,89,7,7,100,10,14,2.0,14,7,60,50,,,70.58823529411765,20.26436240567786,-0.0248069436607437,49.01426176217857,2026-04-25 16:22:03.157820
1,YTD,15m,8,26,9,14,3,14,8,34,55,7,14,100,20,14,1.5,14,7,60,50,,,66.66666666666666,21.463535714631185,-0.0130720756503233,137.25185066633924,2026-04-25 16:22:20.581450
1,YTD,15m,8,26,9,14,3,14,8,34,89,7,14,60,10,14,1.5,20,14,60,50,,,76.0,24.30581754167273,-0.0265669413598154,53.32484726006264,2026-04-25 16:22:33.100127
1,YTD,15m,8,26,9,14,3,14,8,34,89,14,14,100,20,20,1.5,14,7,60,0,,,67.64705882352942,22.61978890834097,-0.0290059500094924,41.75106886407885,2026-04-25 16:22:44.748883
1,YTD,15m,8,26,9,14,3,14,12,21,55,7,7,60,20,20,2.0,20,7,120,0,,,65.9090909090909,26.218899183365423,-0.0134462110384223,105.56932254333717,2026-04-25 16:22:48.230057
1,YTD,15m,8,26,9,14,3,14,12,21,55,7,7,60,20,20,2.0,20,14,60,0,,,66.66666666666666,21.56073522951585,-0.0316100468334705,37.996594240566736,2026-04-25 16:22:48.332495
1,YTD,15m,8,26,9,14,3,14,12,21,89,7,7,60,20,20,1.5,20,7,120,0,,,70.58823529411765,20.364095669691636,-0.0284533944294104,41.725848164370845,2026-04-25 16:23:01.027197
1,YTD,15m,8,26,9,14,3,14,12,34,55,14,14,60,10,14,1.5,20,14,120,50,,,67.85714285714286,22.56357894380816,-0.0224855524405955,48.63253182516423,2026-04-25 16:23:26.620330
1,YTD,15m,8,26,9,14,3,20,8,21,55,14,7,100,10,14,2.0,20,7,60,0,,,69.56521739130434,20.576278658236262,-0.0303811861558043,31.40015405783445,2026-04-25 16:23:53.955237
1,YTD,15m,8,26,9,14,3,20,8,21,89,7,7,60,10,14,1.5,20,14,60,0,,,65.625,20.687736194338918,-0.0374976610862853,31.483248182109385,2026-04-25 16:23:59.049233
1,YTD,15m,8,26,9,14,3,20,12,21,55,7,14,100,10,20,1.5,20,14,120,0,,,66.66666666666666,22.489268880997184,-0.0251975250657423,41.136193720232896,2026-04-25 16:24:48.286464
1,YTD,15m,8,26,9,14,3,20,12,21,89,7,14,100,20,20,1.5,14,14,60,50,,,71.42857142857143,21.881046967936754,-0.0179681313135361,83.25046426360595,2026-04-25 16:25:01.916752
1,YTD,15m,8,26,9,14,3,20,12,34,55,7,14,60,20,14,2.0,14,7,120,50,,,68.57142857142857,20.17942230812695,-0.0212811122959868,62.56361396629536,2026-04-25 16:25:14.896721
1,YTD,15m,8,26,9,14,5,14,8,21,55,14,14,60,20,14,2.0,20,14,120,50,,,66.66666666666666,20.50956448137404,-0.028217277281237,40.31005723330215,2026-04-25 16:25:50.336692
1,YTD,15m,8,26,9,14,5,14,8,21,89,7,7,60,20,14,2.0,14,14,120,0,,,69.56521739130434,23.158277675040026,-0.0176356547380868,86.18550066753126,2026-04-25 16:25:53.671433
1,YTD,15m,8,26,9,14,5,14,8,21,89,14,7,60,10,20,2.0,20,14,120,50,,,72.72727272727273,20.216854022254424,-0.0199118176057283,64.23155502302946,2026-04-25 16:25:59.828819
1,YTD,15m,8,26,9,14,5,14,12,21,89,14,14,60,10,20,2.0,20,7,60,0,,,65.21739130434783,20.39230954039166,-0.0230828726344999,55.72255376919027,2026-04-25 16:26:57.292955
1,YTD,15m,8,26,9,14,5,14,12,34,55,14,7,100,20,20,2.0,20,14,60,50,,,70.0,22.70303554715253,-0.013265071804864,95.1481920229749,2026-04-25 16:27:12.696886
1,YTD,15m,8,26,9,14,5,20,8,34,89,7,14,60,10,20,1.5,20,14,60,0,,,73.68421052631578,21.36093428924226,-0.0292660884277502,44.49897220849668,2026-04-25 16:28:20.778679
1,YTD,15m,8,26,9,14,5,20,12,34,55,14,7,100,20,14,1.5,20,14,120,0,,,72.0,21.54084712922884,-0.0190839071311136,64.1785515404493,2026-04-25 16:29:07.640550
1,YTD,15m,12,21,7,10,3,14,8,34,89,7,14,100,20,14,2.0,20,14,120,50,,,66.66666666666666,21.830685874606388,-0.0422474893213675,25.56291788118441,2026-04-25 16:30:12.697548
1,YTD,15m,12,21,7,10,3,14,12,21,55,14,7,100,10,14,2.0,14,14,60,50,,,69.56521739130434,20.08101991204,-0.0271314880597186,47.37432701868667,2026-04-25 16:30:29.828202
1,YTD,15m,12,21,7,10,3,20,8,21,89,7,14,100,10,14,2.0,20,7,120,50,,,65.0,21.249902330919195,-0.0109257130530958,142.57328929277912,2026-04-25 16:31:38.565604
1,YTD,15m,12,21,7,10,3,20,8,21,89,14,7,100,10,20,1.5,14,14,120,50,,,73.07692307692307,21.151657850514766,-0.017765537493745,70.3715655302712,2026-04-25 16:31:42.411916
1,YTD,15m,12,21,7,10,3,20,8,34,55,7,14,60,10,14,1.5,20,7,120,0,,,65.21739130434783,21.00591443768832,-0.0186573358460136,57.746290329893576,2026-04-25 16:31:49.779587
1,YTD,15m,12,21,7,10,3,20,12,34,89,7,7,60,10,20,2.0,20,7,60,0,,,72.22222222222221,21.687198861503926,-0.0279062391022272,44.55096884131392,2026-04-25 16:32:59.067298
1,YTD,15m,12,21,7,10,5,14,8,21,55,7,14,60,10,14,1.5,20,14,60,50,,,66.66666666666666,20.267479490250743,-0.0282170628400266,38.75934703916538,2026-04-25 16:33:17.771038
1,YTD,15m,12,21,7,10,5,14,12,34,55,7,14,60,20,14,1.5,14,7,60,0,,,69.44444444444444,24.93459515486602,-0.0375036740563841,33.370179969368074,2026-04-25 16:34:38.472929
1,YTD,15m,12,21,7,10,5,14,12,34,55,7,14,100,20,14,1.5,14,7,120,50,,,72.72727272727273,22.25629533187551,-0.0263548574541065,42.50626974734887,2026-04-25 16:34:40.620214
1,YTD,15m,12,21,7,10,5,14,12,34,89,7,7,60,20,20,2.0,20,14,120,50,,,81.81818181818183,21.667748922794715,-0.0237816792174294,60.2694406072803,2026-04-25 16:34:49.282044
1,YTD,15m,12,21,7,10,5,20,8,21,55,14,7,100,10,14,1.5,20,7,60,0,,,71.42857142857143,24.22719148221601,-0.0289399528198064,55.81687786527908,2026-04-25 16:35:10.342816
1,YTD,15m,12,21,7,10,5,20,8,34,89,7,14,100,10,20,2.0,20,14,60,0,,,65.21739130434783,22.186823501534978,-0.0163397450494743,78.95158722923128,2026-04-25 16:35:48.016386
1,YTD,15m,12,21,7,10,5,20,12,21,89,14,7,100,20,20,2.0,14,14,120,50,,,69.23076923076923,22.152178055712326,-0.0148914901341113,75.34399614449895,2026-04-25 16:36:23.963143
1,YTD,15m,12,21,7,14,3,14,12,21,55,7,14,100,10,20,1.5,20,14,120,0,,,79.16666666666666,22.43842723316624,-0.0161571663495037,69.7618265540916,2026-04-25 16:38:01.627175
1,YTD,15m,12,21,7,14,3,14,12,21,89,14,7,100,10,14,2.0,20,14,120,0,,,65.71428571428571,21.325846358083623,-0.0243557160442506,51.50422792210076,2026-04-25 16:38:16.401770
1,YTD,15m,12,21,7,14,3,14,12,21,89,14,14,100,10,20,1.5,14,14,120,0,,,65.11627906976744,22.99819142878116,-0.0229443296888329,55.82232822417754,2026-04-25 16:38:21.741473
1,YTD,15m,12,21,7,14,3,14,12,34,55,7,7,60,20,20,1.5,14,7,60,50,,,65.51724137931035,20.681111073743796,-0.0375793354556768,30.288031159274208,2026-04-25 16:38:24.285536
1,YTD,15m,12,21,7,14,3,20,12,34,55,7,14,60,10,14,2.0,20,14,120,0,,,66.66666666666666,21.61562382336024,-0.0357265014410752,32.20547545397648,2026-04-25 16:40:18.066036
1,YTD,15m,12,21,7,14,5,14,8,21,89,7,7,100,10,14,2.0,14,7,60,0,,,66.66666666666666,20.64207609674025,-0.0136806717095032,115.88270564650551,2026-04-25 16:40:54.871033
1,YTD,15m,12,21,7,14,5,14,8,34,55,14,7,100,10,14,2.0,20,7,60,0,,,66.66666666666666,22.5623380750158,-0.0311304195790652,40.36027070182729,2026-04-25 16:41:17.835967
1,YTD,15m,12,21,7,14,5,14,8,34,89,14,7,100,10,14,2.0,14,14,120,50,,,72.91666666666666,20.08543353470735,-0.0309094863908503,34.67637626798702,2026-04-25 16:41:31.034998
1,YTD,15m,12,21,7,14,5,20,8,21,55,14,14,60,10,20,1.5,14,7,120,50,,,72.72727272727273,23.397789271853043,-0.0275640976056746,45.78100393689169,2026-04-25 16:42:39.641714
1,YTD,15m,12,21,7,14,5,20,8,34,89,7,7,60,10,20,1.5,20,14,60,50,,,65.625,20.44746983229701,-0.0249236384816374,47.74746950168376,2026-04-25 16:43:11.311203
1,YTD,15m,12,21,7,14,5,20,12,21,55,7,7,100,20,20,1.5,14,14,120,50,,,80.0,22.08232220763106,-0.0346086405102954,35.971085643458444,2026-04-25 16:43:27.539319
1,YTD,15m,12,21,7,14,5,20,12,34,89,7,7,100,10,14,2.0,20,7,60,50,,,67.85714285714286,20.681247455176656,-0.008395367427356,196.95648395082827,2026-04-25 16:44:08.207106
1,YTD,15m,12,21,9,10,3,14,8,34,55,14,14,60,10,14,1.5,20,7,60,0,,,69.23076923076923,29.529841425990007,-0.016225679734828,91.80559736543309,2026-04-25 16:44:57.719887
1,YTD,15m,12,21,9,10,3,20,8,21,55,14,14,100,20,14,2.0,14,7,120,0,,,67.5,22.723773241462823,-0.0199756025431763,55.93214591638681,2026-04-25 16:46:25.792896
1,YTD,15m,12,21,9,10,3,20,8,34,55,7,7,60,20,20,2.0,14,14,120,0,,,68.75,26.019348422816947,-0.0225647154696319,56.77759355148076,2026-04-25 16:46:41.753608
1,YTD,15m,12,21,9,10,3,20,12,21,89,7,14,100,20,14,2.0,14,7,60,50,,,75.67567567567568,30.50831072707551,-0.0218098998744423,68.86612646452807,2026-04-25 16:47:30.482192
1,YTD,15m,12,21,9,10,3,20,12,34,55,7,7,60,10,14,2.0,20,14,60,0,,,66.66666666666666,21.876352869877373,-0.0410294047110487,28.97628865774314,2026-04-25 16:47:39.582763
1,YTD,15m,12,21,9,10,3,20,12,34,55,14,7,60,10,20,1.5,20,14,120,0,,,65.21739130434783,20.228844921899366,-0.014977242620723,76.95641727472906,2026-04-25 16:47:47.146387
1,YTD,15m,12,21,9,10,5,14,8,21,55,7,7,60,20,20,1.5,20,14,60,50,,,77.77777777777779,28.72662299146717,-0.0149658802618233,115.34592704813224,2026-04-25 16:48:08.285272
1,YTD,15m,12,21,9,10,5,14,8,21,89,14,14,60,20,14,1.5,14,7,120,0,,,66.66666666666666,20.04344153041001,-0.0354297822196473,31.816852841210167,2026-04-25 16:48:33.065585
1,YTD,15m,12,21,9,10,5,14,8,34,89,7,7,60,10,20,2.0,14,7,120,50,,,75.0,23.418418213967296,-0.0330193683128832,41.132993552065805,2026-04-25 16:48:51.824727
1,YTD,15m,12,21,9,10,5,14,8,34,89,14,7,60,10,20,1.5,20,7,120,0,,,69.23076923076923,20.114591288572885,-0.0255926763194412,58.03089526719797,2026-04-25 16:48:57.905991
1,YTD,15m,12,21,9,10,5,14,12,21,89,7,7,60,10,20,1.5,14,14,60,0,,,65.0,21.46389355452861,-0.0232949788214445,63.64974505067328,2026-04-25 16:49:16.861890
1,YTD,15m,12,21,9,10,5,14,12,34,89,14,7,100,20,14,1.5,14,7,60,50,,,82.35294117647058,23.087732699679663,-0.0172434923135917,97.71261200762191,2026-04-25 16:49:52.943278
1,YTD,15m,12,21,9,10,5,20,8,34,89,7,14,60,20,20,1.5,14,7,120,50,,,68.18181818181817,20.84166811532314,-0.0338229835197239,30.58970631806947,2026-04-25 16:50:46.535215
1,YTD,15m,12,21,9,10,5,20,12,21,89,14,14,60,10,20,2.0,20,14,60,50,,,76.92307692307693,25.57925179913157,-0.0163946295332579,83.88834007434517,2026-04-25 16:51:20.445527
1,YTD,15m,12,21,9,10,5,20,12,21,89,14,14,60,20,20,2.0,14,7,120,50,,,65.0,22.857512575061616,-0.0271181953133109,43.78956339271132,2026-04-25 16:51:21.192277
1,YTD,15m,12,21,9,10,5,20,12,21,89,14,14,100,10,14,2.0,14,7,120,0,,,73.68421052631578,20.71592933111745,-0.0279042609683062,37.60981760602646,2026-04-25 16:51:21.627360
1,YTD,15m,12,21,9,14,3,14,8,21,89,7,7,60,10,20,1.5,14,14,60,0,,,81.25,21.50228144367713,-0.0224174327850358,67.562749866896,2026-04-25 16:52:02.143342
1,YTD,15m,12,21,9,14,3,14,8,21,89,14,7,60,10,20,2.0,14,7,120,0,,,65.0,21.032819452249957,-0.0442360866912344,27.047493252453048,2026-04-25 16:52:09.083209
1,YTD,15m,12,21,9,14,3,14,8,21,89,14,14,60,10,20,2.0,14,7,60,50,,,76.0,20.541000853244743,-0.0203469105384386,58.66870221660225,2026-04-25 16:52:11.759398
1,YTD,15m,12,21,9,14,3,14,12,34,55,7,7,60,20,20,1.5,20,7,120,0,,,67.74193548387096,21.517669715511,-0.0241330452046871,44.15721693700554,2026-04-25 16:53:14.990715
1,YTD,15m,12,21,9,14,3,20,8,21,55,14,14,60,10,20,1.5,20,7,60,50,,,66.66666666666666,22.711613945966704,-0.0200483120870752,56.82444160534275,2026-04-25 16:53:52.228348
1,YTD,15m,12,21,9,14,3,20,8,34,55,7,7,60,20,20,2.0,14,7,60,50,,,70.83333333333334,25.04741531143088,-0.0168086820407556,75.91172469789079,2026-04-25 16:54:12.154676
1,YTD,15m,12,21,9,14,3,20,8,34,89,7,7,60,10,20,2.0,14,7,120,50,,,79.16666666666666,20.189317369598,-0.0226979358543316,54.887057945233984,2026-04-25 16:54:24.141000
1,YTD,15m,12,21,9,14,3,20,12,21,89,14,14,60,20,20,1.5,14,7,60,50,,,65.0,22.13530329361614,-0.0240576461925059,50.88916432179144,2026-04-25 16:55:04.187048
1,YTD,15m,12,21,9,14,5,14,8,21,89,14,7,60,20,14,2.0,14,7,60,0,,,65.51724137931035,22.67843885690575,-0.0116980734617194,163.033819986073,2026-04-25 16:55:59.283116
1,YTD,15m,12,21,9,14,5,14,8,21,89,14,14,60,20,14,1.5,20,7,60,50,,,73.68421052631578,22.698909901701555,-0.0154732436957297,117.71469835058272,2026-04-25 16:56:03.437272
1,YTD,15m,12,21,9,14,5,14,8,34,55,14,7,100,20,14,2.0,20,7,60,50,,,71.875,21.33031037673571,-0.0160745201124266,83.74085913483765,2026-04-25 16:56:13.808539
1,YTD,15m,12,21,9,14,5,14,8,34,55,14,14,100,20,20,1.5,14,14,60,50,,,72.72727272727273,21.37080837243435,-0.0178549205168328,91.0109729538193,2026-04-25 16:56:18.074455
1,YTD,15m,12,21,9,14,5,14,12,21,55,14,14,60,20,14,2.0,20,14,120,50,,,65.3061224489796,23.96970183288776,-0.0185301341575114,75.27072011496038,2026-04-25 16:56:41.314216
1,YTD,15m,12,21,9,14,5,20,8,34,55,7,14,100,20,14,2.0,14,7,120,0,,,81.81818181818183,20.61892579765653,-0.0278657255252364,44.82352914628024,2026-04-25 16:58:00.364627
1,YTD,15m,12,21,9,14,5,20,8,34,55,14,7,100,10,20,1.5,20,7,60,0,,,70.83333333333334,21.65252695806384,-0.0186652208594629,79.03999742500125,2026-04-25 16:58:02.937307
1,YTD,15m,12,21,9,14,5,20,12,34,55,14,14,100,20,14,1.5,14,14,60,0,,,71.42857142857143,23.24780308617643,-0.0281744305367156,42.60350617990528,2026-04-25 16:59:04.204678
1,YTD,15m,12,26,7,10,3,14,8,21,55,7,7,60,10,20,2.0,14,7,120,0,,,69.23076923076923,20.65173945084534,-0.0263667368984727,53.85031082608784,2026-04-25 16:59:19.954537
1,YTD,15m,12,26,7,10,3,14,8,21,89,14,14,100,20,20,2.0,14,14,120,50,,,66.66666666666666,20.798985524007865,-0.0407423113475273,28.58191774182826,2026-04-25 16:59:45.050310
1,YTD,15m,12,26,7,10,3,14,12,21,89,14,14,100,10,14,2.0,20,14,120,50,,,69.23076923076923,21.846759594613538,-0.0312338183151184,38.16910272692472,2026-04-25 17:00:42.371363
1,YTD,15m,12,26,7,10,3,20,8,21,89,14,7,100,10,14,2.0,20,7,60,50,,,65.625,22.7901256905753,-0.0422813527557297,27.15109330380451,2026-04-25 17:01:35.036638
1,YTD,15m,12,26,7,10,3,20,8,34,89,7,7,100,10,14,1.5,20,7,120,50,,,69.23076923076923,21.25892836382024,-0.020874772161351,48.57562063571163,2026-04-25 17:01:58.549189
1,YTD,15m,12,26,7,10,3,20,12,21,55,14,14,100,10,20,2.0,20,14,60,0,,,69.23076923076923,25.254493569899925,-0.0462557967843418,29.127278323049268,2026-04-25 17:02:23.905432
1,YTD,15m,12,26,7,10,3,20,12,34,55,14,7,60,20,14,1.5,14,14,60,50,,,67.3469387755102,23.7316610111591,-0.0295414161277336,42.83398161503013,2026-04-25 17:02:45.108337
1,YTD,15m,12,26,7,10,3,20,12,34,55,14,7,100,20,20,1.5,20,14,60,50,,,77.77777777777779,21.225444616401354,-0.0222082353111899,62.60072081749735,2026-04-25 17:02:46.918833
1,YTD,15m,12,26,7,10,3,20,12,34,89,7,7,60,20,20,1.5,14,14,120,50,,,65.11627906976744,21.16099034456524,-0.0253095558444901,46.83512054013207,2026-04-25 17:02:52.373256
1,YTD,15m,12,26,7,10,5,14,8,34,89,7,7,60,10,14,1.5,20,14,60,0,,,68.18181818181817,20.974105965086256,-0.026988443219294,42.20297449423575,2026-04-25 17:03:45.487869
1,YTD,15m,12,26,7,10,5,14,12,21,55,14,14,100,20,14,2.0,14,14,60,0,,,65.71428571428571,30.218972523626537,-0.0214748000290273,96.40800716948216,2026-04-25 17:04:12.934986
1,YTD,15m,12,26,7,10,5,20,8,21,55,14,14,100,20,20,1.5,14,7,120,0,,,75.0,21.068125027885184,-0.0174252207487548,59.48966822074451,2026-04-25 17:05:10.727361
1,YTD,15m,12,26,7,10,5,20,12,21,55,7,14,100,20,14,2.0,20,7,60,50,,,68.75,20.398004863827783,-0.0253939470440453,48.9938233674772,2026-04-25 17:06:00.875830
1,YTD,15m,12,26,7,14,3,14,8,34,89,14,7,60,10,20,1.5,20,7,120,50,,,72.72727272727273,20.47425160984413,-0.0104661781838258,139.92902094575462,2026-04-25 17:07:46.482956
1,YTD,15m,12,26,7,14,3,14,12,34,89,7,14,60,10,14,1.5,14,7,60,50,,,68.42105263157895,21.279029461556828,-0.0091494113345609,140.5586774120862,2026-04-25 17:08:37.271469
1,YTD,15m,12,26,7,14,3,14,12,34,89,14,14,100,20,20,1.5,14,7,120,50,,,66.66666666666666,24.87701969060569,-0.0260983694761675,48.74039565284858,2026-04-25 17:08:48.739923
1,YTD,15m,12,26,7,14,3,20,8,21,55,14,14,100,20,20,2.0,14,14,60,0,,,66.66666666666666,25.821381589040044,-0.0220643559514698,59.87357188063815,2026-04-25 17:09:03.337958
1,YTD,15m,12,26,7,14,3,20,8,21,89,14,7,60,10,20,2.0,20,7,60,50,,,72.72727272727273,20.496729022229943,-0.0177667224272463,68.00381505401417,2026-04-25 17:09:11.574448
1,YTD,15m,12,26,7,14,3,20,8,34,55,7,7,60,20,20,1.5,14,14,60,0,,,69.23076923076923,22.59782891115449,-0.0341251284666616,45.39093800590801,2026-04-25 17:09:18.225797
1,YTD,15m,12,26,7,14,3,20,8,34,89,7,7,60,20,20,1.5,14,7,120,0,,,67.74193548387096,22.184812434921252,-0.0302333390389905,38.71955905133099,2026-04-25 17:09:33.818327
1,YTD,15m,12,26,7,14,3,20,12,21,89,14,7,100,20,20,1.5,14,14,120,50,,,70.0,21.573630058798564,-0.0340264431819386,36.29390722573181,2026-04-25 17:10:12.973738
1,YTD,15m,12,26,7,14,3,20,12,34,89,14,14,100,10,20,1.5,20,14,60,0,,,70.0,22.211967886007827,-0.0341201695242971,36.07730173045277,2026-04-25 17:10:43.903253
1,YTD,15m,12,26,7,14,5,14,12,21,89,7,7,100,10,14,1.5,20,14,120,50,,,72.41379310344827,20.28670274478223,-0.0522652979739626,19.659597353353234,2026-04-25 17:11:56.993780
1,YTD,15m,12,26,7,14,5,14,12,21,89,7,14,60,20,20,2.0,20,14,60,0,,,70.58823529411765,21.93881684166972,-0.04224268166427,28.006524694248167,2026-04-25 17:12:00.845828
1,YTD,15m,12,26,7,14,5,20,8,21,55,14,7,100,20,14,2.0,14,14,60,0,,,73.33333333333333,20.66012693880691,-0.0239118299293297,51.378087889396575,2026-04-25 17:12:46.114751
1,YTD,15m,12,26,7,14,5,20,8,34,89,7,14,100,10,20,2.0,14,7,120,50,,,78.04878048780488,20.372109274203588,-0.0124097359520837,102.97767356753916,2026-04-25 17:13:25.640404
1,YTD,15m,12,26,9,10,3,14,8,21,89,14,14,100,20,14,1.5,14,7,120,50,,,65.21739130434783,21.405128558023485,-0.015033335336812,88.69815978457711,2026-04-25 17:14:53.170740
1,YTD,15m,12,26,9,10,3,14,8,34,55,7,7,100,20,20,1.5,20,7,60,50,,,70.83333333333334,21.12692823752532,-0.0269332792904945,40.24575879275602,2026-04-25 17:14:56.993960
1,YTD,15m,12,26,9,10,3,14,12,21,55,7,7,60,20,14,2.0,20,7,60,50,,,65.0,23.19825003542136,-0.0243577686142637,46.14367895160654,2026-04-25 17:15:24.156399
1,YTD,15m,12,26,9,10,3,14,12,21,55,7,7,100,20,14,1.5,20,14,60,50,,,76.0,25.407330594876164,-0.0140820721781131,101.23461412123618,2026-04-25 17:15:25.887460
1,YTD,15m,12,26,9,10,3,20,8,34,89,7,7,60,10,14,2.0,14,7,120,50,,,68.96551724137932,26.650482069941184,-0.0247393221881521,57.35714467932282,2026-04-25 17:16:59.449219
1,YTD,15m,12,26,9,10,3,20,8,34,89,14,14,60,20,14,1.5,14,7,120,0,,,90.0,20.161331178862643,-0.0373967822711483,35.71836815028662,2026-04-25 17:17:10.471815
1,YTD,15m,12,26,9,10,3,20,12,21,55,7,7,60,20,20,2.0,20,7,60,0,,,77.77777777777779,24.42979159940418,-0.0159508428581073,89.1640623921919,2026-04-25 17:17:15.083851
1,YTD,15m,12,26,9,10,3,20,12,34,55,7,14,100,10,20,2.0,20,7,120,0,,,76.0,21.33780968908359,-0.0225419429289478,77.35658247178557,2026-04-25 17:17:47.975385
1,YTD,15m,12,26,9,10,5,14,8,34,89,14,7,100,20,20,1.5,14,7,120,0,,,73.91304347826086,23.96859584704108,-0.0306757421795508,43.36590371591289,2026-04-25 17:19:02.662564
1,YTD,15m,12,26,9,10,5,14,12,34,89,14,14,100,10,20,2.0,14,7,120,0,,,70.37037037037037,21.50692699947134,-0.0125615338383005,143.7765754596482,2026-04-25 17:20:01.268767
1,YTD,15m,12,26,9,10,5,20,8,21,55,14,14,100,10,14,2.0,20,14,60,0,,,70.0,21.49334857445512,-0.0189936207787798,64.72782722944144,2026-04-25 17:20:15.594781
1,YTD,15m,12,26,9,10,5,20,12,34,55,7,7,100,20,20,2.0,20,14,120,50,,,78.57142857142857,26.529667847968664,-0.0168243710634239,82.26304904827663,2026-04-25 17:21:27.416422
1,YTD,15m,12,26,9,10,5,20,12,34,55,7,14,60,10,14,1.5,20,7,120,0,,,76.19047619047619,22.50782694992248,-0.0176061545043738,67.85854251787204,2026-04-25 17:21:27.837906
1,YTD,15m,12,26,9,10,5,20,12,34,55,14,14,60,20,14,1.5,14,7,120,0,,,70.58823529411765,20.63821152642273,-0.0209343470662123,71.92522755948939,2026-04-25 17:21:35.646222
1,YTD,15m,12,26,9,14,3,14,8,21,55,7,7,60,10,20,1.5,20,7,60,50,,,80.0,20.75321921959014,-0.0173832208115764,92.05998470863727,2026-04-25 17:21:53.310455
1,YTD,15m,12,26,9,14,3,14,8,21,55,14,7,60,10,14,1.5,14,14,60,50,,,68.75,20.91122924179162,-0.0284007620491667,44.19754372401247,2026-04-25 17:21:59.159105
1,YTD,15m,12,26,9,14,3,14,8,21,89,7,7,100,10,20,2.0,14,7,120,50,,,71.42857142857143,22.23540370387081,-0.0210835862771608,62.12395033706756,2026-04-25 17:22:08.783057
1,YTD,15m,12,26,9,14,3,14,8,34,55,7,7,60,20,14,1.5,20,14,120,50,,,90.0,25.06176917869305,-0.0176933131865387,70.40846201705494,2026-04-25 17:22:21.002907
1,YTD,15m,12,26,9,14,3,14,8,34,55,7,14,100,20,14,1.5,14,7,60,50,,,65.3061224489796,21.868144349664387,-0.017290084950368,76.96160920181173,2026-04-25 17:22:25.161269
1,YTD,15m,12,26,9,14,3,14,12,34,89,14,7,60,20,14,2.0,14,7,120,0,,,66.66666666666666,20.94087658870581,-0.020025929135454,68.38469386566582,2026-04-25 17:23:41.236986
1,YTD,15m,12,26,9,14,3,20,8,21,89,7,7,60,20,14,1.5,20,14,120,0,,,66.66666666666666,25.09873440140542,-0.0286037646013912,47.68891916682323,2026-04-25 17:24:04.234388
1,YTD,15m,12,26,9,14,3,20,12,21,89,14,7,100,10,20,2.0,20,14,120,50,,,67.64705882352942,21.55062600942665,-0.0345531283873255,30.462270528835496,2026-04-25 17:25:09.677204
1,YTD,15m,12,26,9,14,3,20,12,21,89,14,14,100,10,20,1.5,20,14,60,0,,,69.23076923076923,23.430926650894083,-0.0156544351105169,81.24614980109465,2026-04-25 17:25:13.430329
1,YTD,15m,12,26,9,14,3,20,12,34,89,14,7,100,10,14,2.0,20,7,60,50,,,73.91304347826086,20.506936431428343,-0.0542929135971292,17.50484019530401,2026-04-25 17:25:36.534832
1,YTD,15m,12,26,9,14,5,14,8,21,55,14,14,60,20,14,1.5,20,14,120,50,,,69.23076923076923,20.56199941066111,-0.0185188368442677,72.73357837231455,2026-04-25 17:25:52.688342
1,YTD,15m,12,26,9,14,5,14,8,34,55,7,7,100,20,20,1.5,20,14,60,50,,,65.21739130434783,20.475182748115497,-0.0167299872174331,68.09955938757255,2026-04-25 17:26:13.144781
1,YTD,15m,12,26,9,14,5,14,8,34,89,14,14,60,20,20,1.5,14,7,120,50,,,66.66666666666666,23.6038314546912,-0.0313606619673377,38.06404534341101,2026-04-25 17:26:36.371181
1,YTD,15m,12,26,9,14,5,14,12,34,89,7,7,60,20,14,2.0,14,14,60,0,,,66.66666666666666,20.80150768208285,-0.0249377954483097,47.3652483902055,2026-04-25 17:27:20.765792
1,YTD,15m,12,26,9,14,5,20,8,21,55,14,14,100,10,20,2.0,14,7,120,50,,,76.92307692307693,23.79171085119952,-0.0492018170943692,24.766328971975128,2026-04-25 17:27:46.566878
1,YTD,15m,12,26,9,14,5,20,8,34,55,14,14,100,20,20,2.0,20,7,120,0,,,71.42857142857143,22.33891108500713,-0.0387699040136616,33.881437177167776,2026-04-25 17:28:17.079370
1,YTD,15m,12,26,9,14,5,20,12,21,55,7,14,60,10,20,2.0,14,7,120,50,,,65.21739130434783,21.961724068765594,-0.0462446656268789,28.160148041709757,2026-04-25 17:28:34.718052
1,YTD,15m,12,26,9,14,5,20,12,34,89,14,7,100,20,20,1.5,14,14,120,0,,,67.64705882352942,20.81568755603936,-0.0131309027389261,121.4116465554917,2026-04-25 17:29:21.357334
1,YTD,15m,12,26,9,14,5,20,12,34,89,14,14,60,10,14,2.0,20,14,120,50,,,67.3913043478261,24.04426235243339,-0.0096876696701928,190.35180243248584,2026-04-25 17:29:22.217432
