timestamp,symbol,version,total_trades,wins,losses,win_rate,net_return,max_drawdown,final_portfolio_value
2026-03-27T08:30:34.324060,CLM,v1,0,0,0,0.00,96.36,0.00,19636.22
2026-03-27T08:30:36.927114,CLM,v1,0,0,0,0.00,96.36,0.00,19636.22
2026-03-27T08:30:39.178087,CLM,v1,0,0,0,0.00,96.36,0.00,19636.22
2026-03-27T08:30:41.409179,CLM,v1,0,0,0,0.00,96.36,0.00,19636.22
2026-03-27T08:30:43.568590,CLM,v1,0,0,0,0.00,96.36,0.00,19636.22
2026-03-27T08:30:45.813783,CLM,v1,0,0,0,0.00,96.36,0.00,19636.22
2026-03-27T08:30:48.133752,CLM,v1,0,0,0,0.00,96.36,0.00,19636.22
2026-03-27T08:30:50.425158,CLM,v1,0,0,0,0.00,96.36,0.00,19636.22
2026-03-27T08:30:52.731936,CLM,v1,0,0,0,0.00,96.36,0.00,19636.22
2026-03-27T08:30:54.984503,CLM,v1,0,0,0,0.00,96.36,0.00,19636.22
2026-03-27T08:30:57.436647,CLM,v1,0,0,0,0.00,96.36,0.00,19636.22
2026-03-27T08:30:59.751183,CLM,v1,0,0,0,0.00,97.38,0.00,19738.43
2026-03-27T08:31:02.208928,CLM,v1,0,0,0,0.00,97.38,0.00,19738.43
2026-03-27T08:31:04.518170,CLM,v1,0,0,0,0.00,97.38,0.00,19738.43
2026-03-27T08:31:06.859395,CLM,v1,0,0,0,0.00,97.38,0.00,19738.43
2026-03-27T08:31:09.217937,CLM,v1,0,0,0,0.00,97.38,0.00,19738.43
2026-03-27T08:31:11.436733,CLM,v1,0,0,0,0.00,97.38,0.00,19738.43
2026-03-27T08:31:13.729409,CLM,v1,0,0,0,0.00,97.38,0.00,19738.43
2026-03-27T08:31:16.028898,CLM,v1,0,0,0,0.00,97.38,0.00,19738.43
2026-03-27T08:31:18.083530,CLM,v1,0,0,0,0.00,97.38,0.00,19738.43
2026-03-27T08:31:20.411488,CLM,v1,0,0,0,0.00,97.90,0.00,19789.53
2026-03-27T08:31:22.831543,CLM,v1,0,0,0,0.00,97.90,0.00,19789.53
2026-03-27T08:31:25.355531,CLM,v1,0,0,0,0.00,97.90,0.00,19789.53
2026-03-27T08:31:27.690366,CLM,v1,0,0,0,0.00,97.90,0.00,19789.53
2026-03-27T08:31:29.986933,CLM,v1,0,0,0,0.00,97.90,0.00,19789.53
2026-03-27T08:31:32.520861,CLM,v1,0,0,0,0.00,97.90,0.00,19789.53
2026-03-27T08:31:34.833446,CLM,v1,0,0,0,0.00,97.90,0.00,19789.53
2026-03-27T08:31:37.302660,CLM,v1,0,0,0,0.00,97.90,0.00,19789.53
2026-03-27T08:31:39.561789,CLM,v1,0,0,0,0.00,97.90,0.00,19789.53
2026-03-27T08:31:41.772817,CLM,v1,0,0,0,0.00,97.90,0.00,19789.53
2026-03-27T08:31:44.144222,CLM,v1,0,0,0,0.00,97.38,0.00,19738.43
2026-03-27T08:31:46.498061,CLM,v1,0,0,0,0.00,97.38,0.00,19738.43
2026-03-27T08:31:48.742473,CLM,v1,0,0,0,0.00,97.90,0.00,19789.53
2026-03-27T08:31:51.152799,CLM,v1,0,0,0,0.00,97.38,0.00,19738.43
2026-03-27T08:31:53.394414,CLM,v1,0,0,0,0.00,98.39,0.00,19838.59
2026-03-27T08:31:55.716580,CLM,v1,0,0,0,0.00,98.39,0.00,19838.59
2026-03-27T08:31:58.067427,CLM,v1,0,0,0,0.00,98.39,0.00,19838.59
2026-03-27T08:32:00.555060,CLM,v1,0,0,0,0.00,98.39,0.00,19838.59
2026-03-27T08:32:02.951295,CLM,v1,0,0,0,0.00,98.39,0.00,19838.59
2026-03-27T08:32:05.039149,CLM,v1,0,0,0,0.00,98.39,0.00,19838.59
2026-03-27T08:32:07.211333,CLM,v1,0,0,0,0.00,98.39,0.00,19838.59
2026-03-27T08:32:09.573051,CLM,v1,0,0,0,0.00,98.39,0.00,19838.59
2026-03-27T08:32:11.964533,CLM,v1,0,0,0,0.00,98.39,0.00,19838.59
2026-03-27T08:32:14.057273,CLM,v1,0,0,0,0.00,98.39,0.00,19838.59
2026-03-27T08:32:16.316443,CLM,v1,0,0,0,0.00,98.39,0.00,19838.59
2026-03-27T08:32:18.783710,CLM,v1,0,0,0,0.00,98.39,0.00,19838.59
2026-03-27T08:32:21.106043,CLM,v1,0,0,0,0.00,98.39,0.00,19838.59
2026-03-27T08:32:23.495384,CLM,v1,0,0,0,0.00,98.39,0.00,19838.59
2026-03-27T08:32:25.897932,CLM,v1,0,0,0,0.00,98.39,0.00,19838.59
2026-03-27T08:32:28.205298,CLM,v1,0,0,0,0.00,98.39,0.00,19838.59
2026-03-27T08:32:30.706427,CLM,v1,0,0,0,0.00,98.39,0.00,19838.59
2026-03-27T08:32:32.727288,CLM,v1,0,0,0,0.00,98.39,0.00,19838.59
2026-03-27T08:32:34.977150,CLM,v1,0,0,0,0.00,98.39,0.00,19838.59
2026-03-27T08:32:37.370292,CLM,v1,0,0,0,0.00,98.39,0.00,19838.59
2026-03-27T08:32:39.759192,CLM,v1,0,0,0,0.00,98.39,0.00,19838.59
2026-03-27T08:32:42.054303,CLM,v1,0,0,0,0.00,98.39,0.00,19838.59
2026-03-27T08:32:44.381990,CLM,v1,0,0,0,0.00,98.39,0.00,19838.59
2026-03-27T08:32:46.621423,CLM,v1,0,0,0,0.00,98.39,0.00,19838.59
2026-03-27T08:32:48.961961,CLM,v1,0,0,0,0.00,98.39,0.00,19838.59
2026-03-27T08:32:51.411982,CLM,v1,0,0,0,0.00,98.39,0.00,19838.59
2026-03-27T08:32:53.759494,CLM,v1,0,0,0,0.00,98.39,0.00,19838.59
2026-03-27T08:32:56.133464,CLM,v1,0,0,0,0.00,98.39,0.00,19838.59
2026-03-27T08:32:58.371308,CLM,v1,0,0,0,0.00,98.39,0.00,19838.59
2026-03-27T08:33:00.720498,CLM,v1,0,0,0,0.00,98.39,0.00,19838.59
2026-03-27T08:33:03.255725,CLM,v1,0,0,0,0.00,98.39,0.00,19838.59
2026-03-27T08:33:05.598595,CLM,v1,0,0,0,0.00,98.39,0.00,19838.59
2026-03-27T08:33:08.031913,CLM,v1,0,0,0,0.00,97.38,0.00,19738.43
2026-03-27T08:33:10.311693,CLM,v1,0,0,0,0.00,97.38,0.00,19738.43
2026-03-27T08:33:12.626826,CLM,v1,0,0,0,0.00,97.38,0.00,19738.43
2026-03-27T08:33:14.894267,CLM,v1,0,0,0,0.00,97.38,0.00,19738.43
2026-03-27T08:33:17.150960,CLM,v1,0,0,0,0.00,97.38,0.00,19738.43
2026-03-27T08:33:19.450755,CLM,v1,0,0,0,0.00,97.38,0.00,19738.43
2026-03-27T08:33:21.832886,CLM,v1,0,0,0,0.00,97.38,0.00,19738.43
2026-03-27T08:33:24.104031,CLM,v1,0,0,0,0.00,97.38,0.00,19738.43
2026-03-27T08:33:26.309639,CLM,v1,0,0,0,0.00,97.38,0.00,19738.43
2026-03-27T08:33:28.817436,CLM,v1,0,0,0,0.00,97.38,0.00,19738.43
2026-03-27T08:33:31.185409,CLM,v1,0,0,0,0.00,97.38,0.00,19738.43
2026-03-27T08:33:33.563994,CLM,v1,0,0,0,0.00,97.38,0.00,19738.43
2026-03-27T08:33:35.747593,CLM,v1,0,0,0,0.00,97.38,0.00,19738.43
2026-03-27T08:33:38.086473,CLM,v1,0,0,0,0.00,97.38,0.00,19738.43
2026-03-27T08:33:40.322010,CLM,v1,0,0,0,0.00,97.38,0.00,19738.43
2026-03-27T08:33:42.707337,CLM,v1,0,0,0,0.00,97.38,0.00,19738.43
2026-03-27T08:33:45.156596,CLM,v1,0,0,0,0.00,97.38,0.00,19738.43
2026-03-27T08:33:47.661429,CLM,v1,0,0,0,0.00,97.38,0.00,19738.43
2026-03-27T08:33:50.107033,CLM,v1,0,0,0,0.00,97.38,0.00,19738.43
2026-03-27T08:33:52.372122,CLM,v1,0,0,0,0.00,97.38,0.00,19738.43
2026-03-27T08:33:54.742634,CLM,v1,0,0,0,0.00,97.38,0.00,19738.43
2026-03-27T08:33:56.948572,CLM,v1,0,0,0,0.00,97.38,0.00,19738.43
2026-03-27T08:33:59.125028,CLM,v1,0,0,0,0.00,97.90,0.00,19789.53
2026-03-27T08:34:01.495628,CLM,v1,0,0,0,0.00,97.90,0.00,19789.53
2026-03-27T08:34:03.860326,CLM,v1,0,0,0,0.00,97.90,0.00,19789.53
2026-03-27T08:34:06.318306,CLM,v1,0,0,0,0.00,97.90,0.00,19789.53
2026-03-27T08:34:08.738208,CLM,v1,0,0,0,0.00,97.90,0.00,19789.53
2026-03-27T08:34:11.119262,CLM,v1,0,0,0,0.00,97.90,0.00,19789.53
2026-03-27T08:34:13.393242,CLM,v1,0,0,0,0.00,97.90,0.00,19789.53
2026-03-27T08:34:15.760611,CLM,v1,0,0,0,0.00,97.90,0.00,19789.53
2026-03-27T08:34:18.175896,CLM,v1,0,0,0,0.00,97.90,0.00,19789.53
2026-03-27T08:34:20.434975,CLM,v1,0,0,0,0.00,97.90,0.00,19789.53
2026-03-27T08:34:22.755000,CLM,v1,0,0,0,0.00,97.66,0.00,19766.02
2026-03-27T08:34:24.837790,CLM,v1,0,0,0,0.00,97.90,0.00,19789.53
2026-03-27T08:34:27.196566,CLM,v1,0,0,0,0.00,97.38,0.00,19738.43
2026-03-27T08:34:29.714453,CLM,v1,0,0,0,0.00,97.38,0.00,19738.43
2026-03-27T08:34:32.609364,CLM,v1,0,0,0,0.00,97.38,0.00,19738.43
2026-03-27T08:34:34.918977,CLM,v1,0,0,0,0.00,97.38,0.00,19738.43
2026-03-27T08:34:37.236442,CLM,v1,0,0,0,0.00,97.38,0.00,19738.43
2026-03-27T08:34:39.488522,CLM,v1,0,0,0,0.00,97.38,0.00,19738.43
2026-03-27T08:34:41.770455,CLM,v1,0,0,0,0.00,97.38,0.00,19738.43
2026-03-27T08:34:44.246557,CLM,v1,0,0,0,0.00,97.38,0.00,19738.43
2026-03-27T08:34:46.595694,CLM,v1,0,0,0,0.00,97.90,0.00,19789.53
2026-03-27T08:34:48.830812,CLM,v1,0,0,0,0.00,97.90,0.00,19789.53
2026-03-27T08:34:51.097468,CLM,v1,0,0,0,0.00,97.90,0.00,19789.53
2026-03-27T08:34:53.428165,CLM,v1,0,0,0,0.00,97.90,0.00,19789.53
2026-03-27T08:34:55.674042,CLM,v1,0,0,0,0.00,97.90,0.00,19789.53
2026-03-27T08:34:58.029143,CLM,v1,0,0,0,0.00,98.41,0.00,19840.63
2026-03-27T08:35:00.095225,CLM,v1,0,0,0,0.00,97.90,0.00,19789.53
2026-03-27T08:35:02.354028,CLM,v1,0,0,0,0.00,99.43,0.00,19942.84
2026-03-27T08:35:04.842256,CLM,v1,0,0,0,0.00,99.33,0.00,19932.62
2026-03-27T08:35:07.250615,CLM,v1,0,0,0,0.00,99.43,0.00,19942.84
2026-03-27T08:35:09.560729,CLM,v1,0,0,0,0.00,99.36,0.00,19935.68
2026-03-27T08:35:12.015965,CLM,v1,0,0,0,0.00,99.36,0.00,19935.68
2026-03-27T08:35:14.470786,CLM,v1,0,0,0,0.00,100.45,0.00,20045.04
2026-03-27T08:35:16.874328,CLM,v1,0,0,0,0.00,100.96,0.00,20096.14
2026-03-27T08:35:19.077788,CLM,v1,0,0,0,0.00,100.96,0.00,20096.14
2026-03-27T08:35:21.470838,CLM,v1,0,0,0,0.00,100.96,0.00,20096.14
2026-03-27T08:35:23.706406,CLM,v1,0,0,0,0.00,100.96,0.00,20096.14
2026-03-27T08:35:26.166770,CLM,v1,0,0,0,0.00,100.96,0.00,20096.14
2026-03-27T08:35:28.494077,CLM,v1,0,0,0,0.00,100.96,0.00,20096.14
2026-03-27T08:35:30.971296,CLM,v1,0,0,0,0.00,100.96,0.00,20096.14
2026-03-27T08:35:33.380400,CLM,v1,0,0,0,0.00,100.96,0.00,20096.14
2026-03-27T08:35:35.581000,CLM,v1,0,0,0,0.00,101.47,0.00,20147.24
2026-03-27T08:35:37.897330,CLM,v1,0,0,0,0.00,101.47,0.00,20147.24
2026-03-27T08:35:40.119973,CLM,v1,0,0,0,0.00,101.47,0.00,20147.24
2026-03-27T08:35:42.435246,CLM,v1,0,0,0,0.00,101.47,0.00,20147.24
2026-03-27T08:35:44.537225,CLM,v1,0,0,0,0.00,101.47,0.00,20147.24
2026-03-27T08:35:46.766862,CLM,v1,0,0,0,0.00,100.45,0.00,20045.04
2026-03-27T08:35:49.074570,CLM,v1,0,0,0,0.00,100.45,0.00,20045.04
2026-03-27T08:35:51.376065,CLM,v1,0,0,0,0.00,101.46,0.00,20146.22
2026-03-27T08:35:53.440257,CLM,v1,0,0,0,0.00,100.45,0.00,20045.04
2026-03-27T08:35:55.663265,CLM,v1,0,0,0,0.00,100.96,0.00,20096.14
2026-03-27T08:35:58.004361,CLM,v1,0,0,0,0.00,100.96,0.00,20096.14
2026-03-27T08:36:00.261279,CLM,v1,0,0,0,0.00,100.96,0.00,20096.14
2026-03-27T08:36:02.570691,CLM,v1,0,0,0,0.00,100.96,0.00,20096.14
2026-03-27T08:36:04.945213,CLM,v1,0,0,0,0.00,100.96,0.00,20096.14
2026-03-27T08:36:07.245672,CLM,v1,0,0,0,0.00,100.96,0.00,20096.14
2026-03-27T08:36:09.533449,CLM,v1,0,0,0,0.00,100.96,0.00,20096.14
2026-03-27T08:36:11.873965,CLM,v1,0,0,0,0.00,100.96,0.00,20096.14
2026-03-27T08:36:14.168157,CLM,v1,0,0,0,0.00,99.43,0.00,19942.84
2026-03-27T08:36:16.555637,CLM,v1,0,0,0,0.00,99.43,0.00,19942.84
2026-03-27T08:36:19.026909,CLM,v1,0,0,0,0.00,99.43,0.00,19942.84
2026-03-27T08:36:21.351912,CLM,v1,0,0,0,0.00,99.43,0.00,19942.84
2026-03-27T08:36:23.435783,CLM,v1,0,0,0,0.00,99.43,0.00,19942.84
2026-03-27T08:36:25.826931,CLM,v1,0,0,0,0.00,99.43,0.00,19942.84
2026-03-27T08:36:28.106178,CLM,v1,0,0,0,0.00,99.43,0.00,19942.84
2026-03-27T08:36:30.549565,CLM,v1,0,0,0,0.00,99.43,0.00,19942.84
2026-03-27T08:36:32.617425,CLM,v1,0,0,0,0.00,99.43,0.00,19942.84
2026-03-27T08:36:34.841742,CLM,v1,0,0,0,0.00,99.43,0.00,19942.84
2026-03-27T08:36:37.151612,CLM,v1,0,0,0,0.00,99.43,0.00,19942.84
2026-03-27T08:36:39.525463,CLM,v1,0,0,0,0.00,99.43,0.00,19942.84
2026-03-27T08:36:41.936723,CLM,v1,0,0,0,0.00,99.43,0.00,19942.84
2026-03-27T08:36:44.075085,CLM,v1,0,0,0,0.00,99.43,0.00,19942.84
2026-03-27T08:36:46.645636,CLM,v1,0,0,0,0.00,99.43,0.00,19942.84
2026-03-27T08:36:49.326566,CLM,v1,0,0,0,0.00,99.43,0.00,19942.84
2026-03-27T08:36:51.783571,CLM,v1,0,0,0,0.00,99.43,0.00,19942.84
2026-03-27T08:36:54.350925,CLM,v1,0,0,0,0.00,99.43,0.00,19942.84
2026-03-27T08:36:56.806481,CLM,v1,0,0,0,0.00,99.43,0.00,19942.84
2026-03-27T08:36:59.103386,CLM,v1,0,0,0,0.00,99.43,0.00,19942.84
2026-03-27T08:37:01.497346,CLM,v1,0,0,0,0.00,99.43,0.00,19942.84
2026-03-27T08:37:03.789440,CLM,v1,0,0,0,0.00,99.43,0.00,19942.84
2026-03-27T08:37:06.200011,CLM,v1,0,0,0,0.00,99.43,0.00,19942.84
2026-03-27T08:37:08.623989,CLM,v1,0,0,0,0.00,99.43,0.00,19942.84
2026-03-27T08:37:10.631935,CLM,v1,0,0,0,0.00,99.43,0.00,19942.84
2026-03-27T08:37:12.893994,CLM,v1,0,0,0,0.00,99.43,0.00,19942.84
2026-03-27T08:37:15.114139,CLM,v1,0,0,0,0.00,99.43,0.00,19942.84
2026-03-27T08:37:17.398427,CLM,v1,0,0,0,0.00,99.43,0.00,19942.84
2026-03-27T08:37:19.659979,CLM,v1,0,0,0,0.00,99.43,0.00,19942.84
2026-03-27T08:37:21.926688,CLM,v1,0,0,0,0.00,99.43,0.00,19942.84
2026-03-27T08:37:24.240207,CLM,v1,0,0,0,0.00,99.43,0.00,19942.84
2026-03-27T08:37:26.326285,CLM,v1,0,0,0,0.00,99.43,0.00,19942.84
2026-03-27T08:37:28.760492,CLM,v1,0,0,0,0.00,99.43,0.00,19942.84
2026-03-27T08:37:30.878405,CLM,v1,0,0,0,0.00,99.43,0.00,19942.84
2026-03-27T08:37:33.373695,CLM,v1,0,0,0,0.00,99.43,0.00,19942.84
2026-03-27T08:37:35.666706,CLM,v1,0,0,0,0.00,99.43,0.00,19942.84
2026-03-27T08:37:37.911899,CLM,v1,0,0,0,0.00,99.43,0.00,19942.84
2026-03-27T08:37:40.245220,CLM,v1,0,0,0,0.00,99.43,0.00,19942.84
2026-03-27T08:37:42.534225,CLM,v1,0,0,0,0.00,99.43,0.00,19942.84
2026-03-27T08:37:44.711385,CLM,v1,0,0,0,0.00,99.43,0.00,19942.84
2026-03-27T08:37:46.949014,CLM,v1,0,0,0,0.00,99.43,0.00,19942.84
2026-03-27T08:37:49.257392,CLM,v1,0,0,0,0.00,99.43,0.00,19942.84
2026-03-27T08:37:51.584061,CLM,v1,0,0,0,0.00,99.43,0.00,19942.84
2026-03-27T08:37:53.954700,CLM,v1,0,0,0,0.00,99.43,0.00,19942.84
2026-03-27T08:37:56.271416,CLM,v1,0,0,0,0.00,99.43,0.00,19942.84
2026-03-27T08:37:58.615675,CLM,v1,0,0,0,0.00,99.43,0.00,19942.84
2026-03-27T08:38:01.001476,CLM,v1,0,0,0,0.00,99.43,0.00,19942.84
2026-03-27T08:38:03.069444,CLM,v1,0,0,0,0.00,99.43,0.00,19942.84
2026-03-27T08:38:05.327460,CLM,v1,0,0,0,0.00,99.43,0.00,19942.84
2026-03-27T08:38:07.624318,CLM,v1,0,0,0,0.00,99.43,0.00,19942.84
2026-03-27T08:38:09.979750,CLM,v1,0,0,0,0.00,99.43,0.00,19942.84
2026-03-27T08:38:12.205946,CLM,v1,0,0,0,0.00,99.43,0.00,19942.84
2026-03-27T08:38:14.366797,CLM,v1,0,0,0,0.00,99.43,0.00,19942.84
2026-03-27T08:38:16.635729,CLM,v1,0,0,0,0.00,99.43,0.00,19942.84
2026-03-27T08:38:18.855589,CLM,v1,0,0,0,0.00,99.43,0.00,19942.84
2026-03-27T08:38:20.870436,CLM,v1,0,0,0,0.00,99.43,0.00,19942.84
2026-03-27T08:38:23.074101,CLM,v1,0,0,0,0.00,99.43,0.00,19942.84
2026-03-27T08:38:25.401729,CLM,v1,0,0,0,0.00,99.43,0.00,19942.84
2026-03-27T08:38:27.655732,CLM,v1,0,0,0,0.00,99.43,0.00,19942.84
2026-03-27T08:38:29.869351,CLM,v1,0,0,0,0.00,99.43,0.00,19942.84
2026-03-27T08:38:31.995090,CLM,v1,0,0,0,0.00,99.43,0.00,19942.84
2026-03-27T08:38:34.356927,CLM,v1,0,0,0,0.00,99.43,0.00,19942.84
2026-03-27T08:38:36.566995,CLM,v1,0,0,0,0.00,99.43,0.00,19942.84
2026-03-27T08:38:38.952613,CLM,v1,0,0,0,0.00,99.43,0.00,19942.84
2026-03-27T08:38:41.115392,CLM,v1,0,0,0,0.00,99.43,0.00,19942.84
2026-03-27T08:38:43.430314,CLM,v1,0,0,0,0.00,99.43,0.00,19942.84
2026-03-27T08:38:45.609217,CLM,v1,0,0,0,0.00,99.43,0.00,19942.84
2026-03-27T08:38:47.951601,CLM,v1,0,0,0,0.00,99.43,0.00,19942.84
2026-03-27T08:38:50.222319,CLM,v1,0,0,0,0.00,99.43,0.00,19942.84
2026-03-27T08:38:52.502576,CLM,v1,0,0,0,0.00,99.43,0.00,19942.84
2026-03-27T08:38:54.760227,CLM,v1,0,0,0,0.00,99.43,0.00,19942.84
2026-03-27T08:38:56.838391,CLM,v1,0,0,0,0.00,99.43,0.00,19942.84
2026-03-27T08:38:59.169946,CLM,v1,0,0,0,0.00,99.43,0.00,19942.84
2026-03-27T08:39:01.682561,CLM,v1,0,0,0,0.00,99.43,0.00,19942.84
2026-03-27T08:39:03.911473,CLM,v1,0,0,0,0.00,99.43,0.00,19942.84
2026-03-27T08:39:06.160168,CLM,v1,0,0,0,0.00,99.43,0.00,19942.84
2026-03-27T08:39:08.469515,CLM,v1,0,0,0,0.00,99.43,0.00,19942.84
2026-03-27T08:39:10.490070,CLM,v1,0,0,0,0.00,99.43,0.00,19942.84
2026-03-27T08:39:12.969093,CLM,v1,0,0,0,0.00,99.43,0.00,19942.84
2026-03-27T08:39:15.293186,CLM,v1,0,0,0,0.00,99.43,0.00,19942.84
2026-03-27T08:39:17.489201,CLM,v1,0,0,0,0.00,99.43,0.00,19942.84
2026-03-27T08:39:19.930812,CLM,v1,0,0,0,0.00,99.43,0.00,19942.84
2026-03-27T08:39:22.207824,CLM,v1,0,0,0,0.00,99.43,0.00,19942.84
2026-03-27T08:39:24.586051,CLM,v1,0,0,0,0.00,99.43,0.00,19942.84
2026-03-27T08:39:26.879807,CLM,v1,0,0,0,0.00,99.43,0.00,19942.84
2026-03-27T08:39:29.204993,CLM,v1,0,0,0,0.00,99.43,0.00,19942.84
2026-03-27T08:39:31.551105,CLM,v1,0,0,0,0.00,99.43,0.00,19942.84
2026-03-27T08:39:33.780161,CLM,v1,0,0,0,0.00,99.43,0.00,19942.84
2026-03-27T08:39:36.203377,CLM,v1,0,0,0,0.00,99.43,0.00,19942.84
2026-03-27T08:39:38.577246,CLM,v1,0,0,0,0.00,99.43,0.00,19942.84
2026-03-27T08:39:41.042048,CLM,v1,0,0,0,0.00,99.43,0.00,19942.84
2026-03-27T08:39:43.230494,CLM,v1,0,0,0,0.00,99.43,0.00,19942.84
2026-03-27T08:39:45.494154,CLM,v1,0,0,0,0.00,99.43,0.00,19942.84
2026-03-27T08:39:47.586705,CLM,v1,0,0,0,0.00,99.43,0.00,19942.84
2026-03-27T08:39:49.910391,CLM,v1,0,0,0,0.00,99.43,0.00,19942.84
2026-03-27T08:39:52.271724,CLM,v1,0,0,0,0.00,99.43,0.00,19942.84
2026-03-27T08:39:54.601234,CLM,v1,0,0,0,0.00,99.43,0.00,19942.84
2026-03-27T08:39:56.873132,CLM,v1,0,0,0,0.00,99.43,0.00,19942.84
2026-03-27T08:39:59.034754,CLM,v1,0,0,0,0.00,99.43,0.00,19942.84
2026-03-27T08:40:01.408760,CLM,v1,0,0,0,0.00,99.43,0.00,19942.84
2026-03-27T08:40:03.705979,CLM,v1,0,0,0,0.00,99.43,0.00,19942.84
2026-03-27T08:40:05.953741,CLM,v1,0,0,0,0.00,99.43,0.00,19942.84
2026-03-27T08:40:08.437006,CLM,v1,0,0,0,0.00,99.43,0.00,19942.84
2026-03-27T08:40:10.753383,CLM,v1,0,0,0,0.00,99.43,0.00,19942.84
2026-03-27T08:40:12.984911,CLM,v1,0,0,0,0.00,99.43,0.00,19942.84
2026-03-27T08:40:15.392080,CLM,v1,0,0,0,0.00,99.43,0.00,19942.84
2026-03-27T08:40:17.803247,CLM,v1,0,0,0,0.00,99.43,0.00,19942.84
2026-03-27T08:40:20.313220,CLM,v1,0,0,0,0.00,99.43,0.00,19942.84
2026-03-27T08:40:22.635025,CLM,v1,0,0,0,0.00,99.43,0.00,19942.84
2026-03-27T08:40:24.997040,CLM,v1,0,0,0,0.00,99.43,0.00,19942.84
2026-03-27T08:40:27.306184,CLM,v1,0,0,0,0.00,99.43,0.00,19942.84
2026-03-27T08:40:29.658612,CLM,v1,0,0,0,0.00,99.43,0.00,19942.84
2026-03-27T08:40:31.805236,CLM,v1,0,0,0,0.00,99.43,0.00,19942.84
2026-03-27T08:40:34.081146,CLM,v1,0,0,0,0.00,99.43,0.00,19942.84
2026-03-27T08:40:36.384041,CLM,v1,0,0,0,0.00,99.43,0.00,19942.84
2026-03-27T08:40:38.548637,CLM,v1,0,0,0,0.00,99.43,0.00,19942.84
2026-03-27T08:40:40.791188,CLM,v1,0,0,0,0.00,99.43,0.00,19942.84
2026-03-27T08:40:43.011565,CLM,v1,0,0,0,0.00,99.43,0.00,19942.84
2026-03-27T08:40:45.075682,CLM,v1,0,0,0,0.00,99.43,0.00,19942.84
2026-03-27T08:40:47.461673,CLM,v1,0,0,0,0.00,99.43,0.00,19942.84
2026-03-27T08:40:49.692427,CLM,v1,0,0,0,0.00,99.43,0.00,19942.84
2026-03-27T08:40:52.062393,CLM,v1,0,0,0,0.00,99.43,0.00,19942.84
2026-03-27T08:40:54.305837,CLM,v1,0,0,0,0.00,99.43,0.00,19942.84
2026-03-27T08:40:56.641577,CLM,v1,0,0,0,0.00,99.43,0.00,19942.84
2026-03-27T08:40:58.969382,CLM,v1,0,0,0,0.00,99.43,0.00,19942.84
2026-03-27T08:41:01.267350,CLM,v1,0,0,0,0.00,99.43,0.00,19942.84
2026-03-27T08:41:03.517650,CLM,v1,0,0,0,0.00,99.43,0.00,19942.84
2026-03-27T08:41:05.955619,CLM,v1,0,0,0,0.00,99.44,0.00,19943.62
2026-03-27T08:41:08.122200,CLM,v1,0,0,0,0.00,99.44,0.00,19943.62
2026-03-27T08:41:10.340675,CLM,v1,0,0,0,0.00,99.07,0.00,19907.41
2026-03-27T08:41:12.673620,CLM,v1,0,0,0,0.00,99.04,0.00,19904.27
2026-03-27T08:41:14.924262,CLM,v1,0,0,0,0.00,99.04,0.00,19904.27
2026-03-27T08:41:17.331618,CLM,v1,0,0,0,0.00,99.04,0.00,19904.27
2026-03-27T08:41:19.560251,CLM,v1,0,0,0,0.00,99.04,0.00,19904.27
2026-03-27T08:41:22.016470,CLM,v1,0,0,0,0.00,99.04,0.00,19904.27
2026-03-27T08:41:24.331687,CLM,v1,0,0,0,0.00,99.04,0.00,19904.27
2026-03-27T08:41:26.794929,CLM,v1,0,0,0,0.00,99.04,0.00,19904.27
2026-03-27T08:41:29.231558,CLM,v1,0,0,0,0.00,99.04,0.00,19904.27
2026-03-27T08:41:31.653249,CLM,v1,0,0,0,0.00,99.04,0.00,19904.27
2026-03-27T08:41:33.899646,CLM,v1,0,0,0,0.00,99.04,0.00,19904.27
2026-03-27T08:41:36.215744,CLM,v1,0,0,0,0.00,99.04,0.00,19904.27
2026-03-27T08:41:38.506048,CLM,v1,0,0,0,0.00,99.04,0.00,19904.27
2026-03-27T08:41:40.857513,CLM,v1,0,0,0,0.00,99.04,0.00,19904.27
2026-03-27T08:41:43.091947,CLM,v1,0,0,0,0.00,99.04,0.00,19904.27
2026-03-27T08:41:45.553992,CLM,v1,0,0,0,0.00,99.44,0.00,19943.62
2026-03-27T08:41:47.876846,CLM,v1,0,0,0,0.00,99.44,0.00,19943.62
2026-03-27T08:41:50.119907,CLM,v1,0,0,0,0.00,99.44,0.00,19943.62
2026-03-27T08:41:52.381166,CLM,v1,0,0,0,0.00,99.44,0.00,19943.62
2026-03-27T08:41:54.636175,CLM,v1,0,0,0,0.00,99.44,0.00,19943.62
2026-03-27T08:41:56.946769,CLM,v1,0,0,0,0.00,99.44,0.00,19943.62
2026-03-27T08:41:59.164934,CLM,v1,0,0,0,0.00,99.44,0.00,19943.62
2026-03-27T08:42:01.463759,CLM,v1,0,0,0,0.00,99.44,0.00,19943.62
2026-03-27T08:42:03.656306,CLM,v1,0,0,0,0.00,99.44,0.00,19943.62
2026-03-27T08:42:06.056471,CLM,v1,0,0,0,0.00,99.44,0.00,19943.62
2026-03-27T08:42:08.522069,CLM,v1,0,0,0,0.00,99.44,0.00,19943.62
2026-03-27T08:42:10.848243,CLM,v1,0,0,0,0.00,99.44,0.00,19943.62
2026-03-27T08:42:13.204919,CLM,v1,0,0,0,0.00,99.44,0.00,19943.62
2026-03-27T08:42:15.471508,CLM,v1,0,0,0,0.00,99.44,0.00,19943.62
2026-03-27T08:42:17.846999,CLM,v1,0,0,0,0.00,99.44,0.00,19943.62
2026-03-27T08:42:20.242651,CLM,v1,0,0,0,0.00,99.44,0.00,19943.62
2026-03-27T08:42:22.528762,CLM,v1,0,0,0,0.00,99.44,0.00,19943.62
2026-03-27T08:42:24.853350,CLM,v1,0,0,0,0.00,99.44,0.00,19943.62
2026-03-27T08:42:27.175452,CLM,v1,0,0,0,0.00,99.44,0.00,19943.62
2026-03-27T08:42:29.423626,CLM,v1,0,0,0,0.00,99.44,0.00,19943.62
2026-03-27T08:42:31.720648,CLM,v1,0,0,0,0.00,99.44,0.00,19943.62
2026-03-27T08:42:34.101058,CLM,v1,0,0,0,0.00,99.44,0.00,19943.62
2026-03-27T08:42:36.421242,CLM,v1,0,0,0,0.00,99.44,0.00,19943.62
2026-03-27T08:42:38.724290,CLM,v1,0,0,0,0.00,99.44,0.00,19943.62
2026-03-27T08:42:41.166896,CLM,v1,0,0,0,0.00,99.44,0.00,19943.62
2026-03-27T08:42:43.407921,CLM,v1,0,0,0,0.00,99.44,0.00,19943.62
2026-03-27T08:42:45.746152,CLM,v1,0,0,0,0.00,99.44,0.00,19943.62
2026-03-27T08:42:48.008267,CLM,v1,0,0,0,0.00,99.44,0.00,19943.62
2026-03-27T08:42:50.381585,CLM,v1,0,0,0,0.00,99.44,0.00,19943.62
2026-03-27T08:42:52.687941,CLM,v1,0,0,0,0.00,99.44,0.00,19943.62
2026-03-27T08:42:55.083290,CLM,v1,0,0,0,0.00,99.44,0.00,19943.62
2026-03-27T08:42:57.323568,CLM,v1,0,0,0,0.00,99.44,0.00,19943.62
2026-03-27T08:42:59.700106,CLM,v1,0,0,0,0.00,99.44,0.00,19943.62
2026-03-27T08:43:02.192717,CLM,v1,0,0,0,0.00,99.44,0.00,19943.62
2026-03-27T08:43:04.485257,CLM,v1,0,0,0,0.00,99.44,0.00,19943.62
2026-03-27T08:43:06.789511,CLM,v1,0,0,0,0.00,99.44,0.00,19943.62
2026-03-27T08:43:09.280810,CLM,v1,0,0,0,0.00,99.44,0.00,19943.62
2026-03-27T08:43:11.538928,CLM,v1,0,0,0,0.00,99.44,0.00,19943.62
2026-03-27T08:43:13.867087,CLM,v1,0,0,0,0.00,99.44,0.00,19943.62
2026-03-27T08:43:16.156130,CLM,v1,0,0,0,0.00,99.44,0.00,19943.62
2026-03-27T08:43:18.335920,CLM,v1,0,0,0,0.00,99.44,0.00,19943.62
2026-03-27T08:43:20.708588,CLM,v1,0,0,0,0.00,99.44,0.00,19943.62
2026-03-27T08:43:22.944030,CLM,v1,0,0,0,0.00,99.44,0.00,19943.62
2026-03-27T08:43:25.317338,CLM,v1,0,0,0,0.00,99.44,0.00,19943.62
2026-03-27T08:43:27.742528,CLM,v1,0,0,0,0.00,99.44,0.00,19943.62
2026-03-27T08:43:30.116793,CLM,v1,0,0,0,0.00,99.44,0.00,19943.62
2026-03-27T08:43:32.485325,CLM,v1,0,0,0,0.00,99.44,0.00,19943.62
2026-03-27T08:43:34.811275,CLM,v1,0,0,0,0.00,99.83,0.00,19982.98
2026-03-27T08:43:37.099368,CLM,v1,0,0,0,0.00,99.83,0.00,19982.98
2026-03-27T08:43:39.395021,CLM,v1,0,0,0,0.00,99.83,0.00,19982.98
2026-03-27T08:43:41.535918,CLM,v1,0,0,0,0.00,99.83,0.00,19982.98
2026-03-27T08:43:43.911492,CLM,v1,0,0,0,0.00,99.39,0.00,19938.90
2026-03-27T08:43:46.189042,CLM,v1,0,0,0,0.00,99.39,0.00,19938.90
2026-03-27T08:43:48.394883,CLM,v1,0,0,0,0.00,99.39,0.00,19938.90
2026-03-27T08:43:50.720139,CLM,v1,0,0,0,0.00,99.39,0.00,19938.90
2026-03-27T08:43:53.038125,CLM,v1,0,0,0,0.00,99.39,0.00,19938.90
2026-03-27T08:43:55.302898,CLM,v1,0,0,0,0.00,99.39,0.00,19938.90
2026-03-27T08:43:57.377640,CLM,v1,0,0,0,0.00,99.39,0.00,19938.90
2026-03-27T08:43:59.382083,CLM,v1,0,0,0,0.00,99.39,0.00,19938.90
2026-03-27T08:44:01.789847,CLM,v1,0,0,0,0.00,98.65,0.00,19864.91
2026-03-27T08:44:04.238599,CLM,v1,0,0,0,0.00,98.65,0.00,19864.91
2026-03-27T08:44:06.540019,CLM,v1,0,0,0,0.00,98.65,0.00,19864.91
2026-03-27T08:44:08.804501,CLM,v1,0,0,0,0.00,98.65,0.00,19864.91
2026-03-27T08:44:11.132857,CLM,v1,0,0,0,0.00,98.65,0.00,19864.91
2026-03-27T08:44:13.487486,CLM,v1,0,0,0,0.00,98.65,0.00,19864.91
2026-03-27T08:44:15.905510,CLM,v1,0,0,0,0.00,98.65,0.00,19864.91
2026-03-27T08:44:18.350799,CLM,v1,0,0,0,0.00,98.65,0.00,19864.91
2026-03-27T08:44:20.568110,CLM,v1,0,0,0,0.00,98.65,0.00,19864.91
2026-03-27T08:44:22.961097,CLM,v1,0,0,0,0.00,98.65,0.00,19864.91
2026-03-27T08:44:25.208321,CLM,v1,0,0,0,0.00,98.65,0.00,19864.91
2026-03-27T08:44:27.270855,CLM,v1,0,0,0,0.00,98.65,0.00,19864.91
2026-03-27T08:44:29.581212,CLM,v1,0,0,0,0.00,98.65,0.00,19864.91
2026-03-27T08:44:32.064827,CLM,v1,0,0,0,0.00,99.04,0.00,19904.27
2026-03-27T08:44:34.248419,CLM,v1,0,0,0,0.00,98.65,0.00,19864.91
2026-03-27T08:44:36.540424,CLM,v1,0,0,0,0.00,99.04,0.00,19904.27
2026-03-27T08:44:38.824429,CLM,v1,0,0,0,0.00,99.04,0.00,19904.27
2026-03-27T08:44:41.168722,CLM,v1,0,0,0,0.00,99.04,0.00,19904.27
2026-03-27T08:44:43.588610,CLM,v1,0,0,0,0.00,99.04,0.00,19904.27
2026-03-27T08:44:45.958937,CLM,v1,0,0,0,0.00,98.65,0.00,19864.91
2026-03-27T08:44:48.318293,CLM,v1,0,0,0,0.00,98.65,0.00,19864.91
2026-03-27T08:44:50.586257,CLM,v1,0,0,0,0.00,98.65,0.00,19864.91
2026-03-27T08:44:52.649030,CLM,v1,0,0,0,0.00,99.04,0.00,19904.27
2026-03-27T08:44:54.956820,CLM,v1,0,0,0,0.00,98.65,0.00,19864.91
2026-03-27T08:44:57.255771,CLM,v1,0,0,0,0.00,98.65,0.00,19864.91
2026-03-27T08:44:59.659336,CLM,v1,0,0,0,0.00,98.65,0.00,19864.91
2026-03-27T08:45:01.918500,CLM,v1,0,0,0,0.00,98.65,0.00,19864.91
2026-03-27T08:45:04.288309,CLM,v1,0,0,0,0.00,98.65,0.00,19864.91
2026-03-27T08:45:06.640032,CLM,v1,0,0,0,0.00,98.65,0.00,19864.91
2026-03-27T08:45:09.114860,CLM,v1,0,0,0,0.00,98.65,0.00,19864.91
2026-03-27T08:45:11.572516,CLM,v1,0,0,0,0.00,98.65,0.00,19864.91
2026-03-27T08:45:13.859886,CLM,v1,0,0,0,0.00,98.65,0.00,19864.91
2026-03-27T08:45:15.928401,CLM,v1,0,0,0,0.00,98.65,0.00,19864.91
2026-03-27T08:45:18.188382,CLM,v1,0,0,0,0.00,98.65,0.00,19864.91
2026-03-27T08:45:20.566323,CLM,v1,0,0,0,0.00,98.65,0.00,19864.91
2026-03-27T08:45:22.879419,CLM,v1,0,0,0,0.00,98.65,0.00,19864.91
2026-03-27T08:45:25.130248,CLM,v1,0,0,0,0.00,98.65,0.00,19864.91
2026-03-27T08:45:27.970448,CLM,v1,0,0,0,0.00,98.65,0.00,19864.91
2026-03-27T08:45:30.384523,CLM,v1,0,0,0,0.00,98.65,0.00,19864.91
2026-03-27T08:45:32.859391,CLM,v1,0,0,0,0.00,98.65,0.00,19864.91
2026-03-27T08:45:35.144759,CLM,v1,0,0,0,0.00,97.47,0.00,19746.85
2026-03-27T08:45:37.403359,CLM,v1,0,0,0,0.00,97.07,0.00,19707.50
2026-03-27T08:45:39.641783,CLM,v1,0,0,0,0.00,97.07,0.00,19707.50
2026-03-27T08:45:42.075032,CLM,v1,0,0,0,0.00,97.07,0.00,19707.50
2026-03-27T08:45:44.436801,CLM,v1,0,0,0,0.00,97.47,0.00,19746.85
2026-03-27T08:45:46.818405,CLM,v1,0,0,0,0.00,98.65,0.00,19864.91
2026-03-27T08:45:48.930446,CLM,v1,0,0,0,0.00,96.68,0.00,19668.14
2026-03-27T08:45:51.217416,CLM,v1,0,0,0,0.00,96.68,0.00,19668.14
2026-03-27T08:45:53.305016,CLM,v1,0,0,0,0.00,96.68,0.00,19668.14
2026-03-27T08:45:55.660252,CLM,v1,0,0,0,0.00,96.68,0.00,19668.14
2026-03-27T08:45:57.999980,CLM,v1,0,0,0,0.00,96.68,0.00,19668.14
2026-03-27T08:46:00.358849,CLM,v1,0,0,0,0.00,96.68,0.00,19668.14
2026-03-27T08:46:02.534755,CLM,v1,0,0,0,0.00,96.68,0.00,19668.14
2026-03-27T08:46:04.812973,CLM,v1,0,0,0,0.00,96.68,0.00,19668.14
2026-03-27T08:46:07.136645,CLM,v1,0,0,0,0.00,96.68,0.00,19668.14
2026-03-27T08:46:09.480714,CLM,v1,0,0,0,0.00,96.68,0.00,19668.14
2026-03-27T08:46:11.676776,CLM,v1,0,0,0,0.00,96.68,0.00,19668.14
2026-03-27T08:46:14.002537,CLM,v1,0,0,0,0.00,96.68,0.00,19668.14
2026-03-27T08:46:16.170523,CLM,v1,0,0,0,0.00,96.68,0.00,19668.14
2026-03-27T08:46:18.247218,CLM,v1,0,0,0,0.00,96.68,0.00,19668.14
2026-03-27T08:46:20.465821,CLM,v1,0,0,0,0.00,97.07,0.00,19707.50
2026-03-27T08:46:22.859994,CLM,v1,0,0,0,0.00,97.07,0.00,19707.50
2026-03-27T08:46:25.153323,CLM,v1,0,0,0,0.00,97.07,0.00,19707.50
2026-03-27T08:46:27.457015,CLM,v1,0,0,0,0.00,97.07,0.00,19707.50
2026-03-27T08:46:29.652276,CLM,v1,0,0,0,0.00,97.07,0.00,19707.50
2026-03-27T08:46:32.092590,CLM,v1,0,0,0,0.00,97.07,0.00,19707.50
2026-03-27T08:46:34.343441,CLM,v1,0,0,0,0.00,96.69,0.00,19668.93
2026-03-27T08:46:36.675372,CLM,v1,0,0,0,0.00,96.69,0.00,19668.93
2026-03-27T08:46:38.988786,CLM,v1,0,0,0,0.00,96.69,0.00,19668.93
2026-03-27T08:46:41.199843,CLM,v1,0,0,0,0.00,96.69,0.00,19668.93
2026-03-27T08:46:43.486104,CLM,v1,0,0,0,0.00,96.69,0.00,19668.93
2026-03-27T08:46:45.664494,CLM,v1,0,0,0,0.00,96.69,0.00,19668.93
2026-03-27T08:46:47.890613,CLM,v1,0,0,0,0.00,96.69,0.00,19668.93
2026-03-27T08:46:50.300507,CLM,v1,0,0,0,0.00,96.69,0.00,19668.93
2026-03-27T08:46:52.620778,CLM,v1,0,0,0,0.00,97.07,0.00,19707.50
2026-03-27T08:46:54.974370,CLM,v1,0,0,0,0.00,97.07,0.00,19707.50
2026-03-27T08:46:57.351300,CLM,v1,0,0,0,0.00,97.07,0.00,19707.50
2026-03-27T08:46:59.572925,CLM,v1,0,0,0,0.00,97.07,0.00,19707.50
2026-03-27T08:47:01.945979,CLM,v1,0,0,0,0.00,97.07,0.00,19707.50
2026-03-27T08:47:04.354349,CLM,v1,0,0,0,0.00,97.07,0.00,19707.50
2026-03-27T08:47:06.603443,CLM,v1,0,0,0,0.00,96.68,0.00,19668.14
2026-03-27T08:47:09.080198,CLM,v1,0,0,0,0.00,96.68,0.00,19668.14
2026-03-27T08:47:11.386732,CLM,v1,0,0,0,0.00,96.68,0.00,19668.14
2026-03-27T08:47:13.703831,CLM,v1,0,0,0,0.00,97.46,0.00,19746.06
2026-03-27T08:47:15.735223,CLM,v1,0,0,0,0.00,97.46,0.00,19746.06
2026-03-27T08:47:17.872554,CLM,v1,0,0,0,0.00,97.46,0.00,19746.06
2026-03-27T08:47:20.120432,CLM,v1,0,0,0,0.00,96.68,0.00,19668.14
2026-03-27T08:47:22.417648,CLM,v1,0,0,0,0.00,96.68,0.00,19668.14
2026-03-27T08:47:24.732879,CLM,v1,0,0,0,0.00,96.68,0.00,19668.14
2026-03-27T08:47:27.045390,CLM,v1,0,0,0,0.00,96.68,0.00,19668.14
2026-03-27T08:47:29.570313,CLM,v1,0,0,0,0.00,96.68,0.00,19668.14
2026-03-27T08:47:32.021234,CLM,v1,0,0,0,0.00,96.68,0.00,19668.14
2026-03-27T08:47:34.401160,CLM,v1,0,0,0,0.00,96.68,0.00,19668.14
2026-03-27T08:47:36.612502,CLM,v1,0,0,0,0.00,96.68,0.00,19668.14
2026-03-27T08:47:38.784451,CLM,v1,0,0,0,0.00,96.68,0.00,19668.14
2026-03-27T08:47:41.074801,CLM,v1,0,0,0,0.00,96.68,0.00,19668.14
2026-03-27T08:47:43.239400,CLM,v1,0,0,0,0.00,96.68,0.00,19668.14
2026-03-27T08:47:45.521407,CLM,v1,0,0,0,0.00,96.68,0.00,19668.14
2026-03-27T08:47:47.783559,CLM,v1,0,0,0,0.00,97.07,0.00,19707.50
2026-03-27T08:47:49.998641,CLM,v1,0,0,0,0.00,97.07,0.00,19707.50
2026-03-27T08:47:52.578432,CLM,v1,0,0,0,0.00,97.07,0.00,19707.50
2026-03-27T08:47:54.842924,CLM,v1,0,0,0,0.00,97.07,0.00,19707.50
2026-03-27T08:47:57.182598,CLM,v1,0,0,0,0.00,97.07,0.00,19707.50
2026-03-27T08:47:59.325404,CLM,v1,0,0,0,0.00,97.07,0.00,19707.50
2026-03-27T08:48:01.257588,CLM,v1,0,0,0,0.00,97.07,0.00,19707.50
2026-03-27T08:48:03.468393,CLM,v1,0,0,0,0.00,97.07,0.00,19707.50
2026-03-27T08:48:05.636513,CLM,v1,0,0,0,0.00,97.07,0.00,19707.50
2026-03-27T08:48:07.971787,CLM,v1,0,0,0,0.00,97.07,0.00,19707.50
2026-03-27T08:48:10.161663,CLM,v1,0,0,0,0.00,97.07,0.00,19707.50
2026-03-27T08:48:12.547311,CLM,v1,0,0,0,0.00,97.07,0.00,19707.50
2026-03-27T08:48:14.690193,CLM,v1,0,0,0,0.00,97.07,0.00,19707.50
2026-03-27T08:48:16.973075,CLM,v1,0,0,0,0.00,97.07,0.00,19707.50
2026-03-27T08:48:19.249533,CLM,v1,0,0,0,0.00,97.07,0.00,19707.50
2026-03-27T08:48:21.605844,CLM,v1,0,0,0,0.00,97.07,0.00,19707.50
2026-03-27T08:48:23.965789,CLM,v1,0,0,0,0.00,97.07,0.00,19707.50
2026-03-27T08:48:26.224420,CLM,v1,0,0,0,0.00,97.07,0.00,19707.50
2026-03-27T08:48:28.527750,CLM,v1,0,0,0,0.00,97.07,0.00,19707.50
2026-03-27T08:48:30.760190,CLM,v1,0,0,0,0.00,97.07,0.00,19707.50
2026-03-27T08:48:33.010599,CLM,v1,0,0,0,0.00,97.07,0.00,19707.50
2026-03-27T08:48:35.353322,CLM,v1,0,0,0,0.00,97.07,0.00,19707.50
2026-03-27T08:48:37.562935,CLM,v1,0,0,0,0.00,98.65,0.00,19864.91
2026-03-27T08:48:39.878039,CLM,v1,0,0,0,0.00,98.65,0.00,19864.91
2026-03-27T08:48:42.068043,CLM,v1,0,0,0,0.00,98.65,0.00,19864.91
2026-03-27T08:48:44.311754,CLM,v1,0,0,0,0.00,98.65,0.00,19864.91
2026-03-27T08:48:46.665791,CLM,v1,0,0,0,0.00,98.65,0.00,19864.91
2026-03-27T08:48:48.683293,CLM,v1,0,0,0,0.00,98.65,0.00,19864.91
2026-03-27T08:48:50.899929,CLM,v1,0,0,0,0.00,98.65,0.00,19864.91
2026-03-27T08:48:53.094155,CLM,v1,0,0,0,0.00,98.65,0.00,19864.91
2026-03-27T08:48:55.448621,CLM,v1,0,0,0,0.00,98.65,0.00,19864.91
2026-03-27T08:48:57.793661,CLM,v1,0,0,0,0.00,98.65,0.00,19864.91
2026-03-27T08:48:59.925055,CLM,v1,0,0,0,0.00,98.65,0.00,19864.91
2026-03-27T08:49:02.214583,CLM,v1,0,0,0,0.00,98.65,0.00,19864.91
2026-03-27T08:49:04.382501,CLM,v1,0,0,0,0.00,99.04,0.00,19904.27
2026-03-27T08:49:06.678356,CLM,v1,0,0,0,0.00,99.04,0.00,19904.27
2026-03-27T08:49:08.951447,CLM,v1,0,0,0,0.00,99.04,0.00,19904.27
2026-03-27T08:49:11.217621,CLM,v1,0,0,0,0.00,99.04,0.00,19904.27
2026-03-27T08:49:13.465683,CLM,v1,0,0,0,0.00,99.04,0.00,19904.27
2026-03-27T08:49:15.756227,CLM,v1,0,0,0,0.00,99.04,0.00,19904.27
2026-03-27T08:49:18.006260,CLM,v1,0,0,0,0.00,99.04,0.00,19904.27
2026-03-27T08:49:20.444740,CLM,v1,0,0,0,0.00,99.04,0.00,19904.27
2026-03-27T08:49:22.644057,CLM,v1,0,0,0,0.00,99.04,0.00,19904.27
2026-03-27T08:49:24.893253,CLM,v1,0,0,0,0.00,99.04,0.00,19904.27
2026-03-27T08:49:27.073147,CLM,v1,0,0,0,0.00,99.04,0.00,19904.27
2026-03-27T08:49:29.296256,CLM,v1,0,0,0,0.00,99.04,0.00,19904.27
2026-03-27T08:49:31.445821,CLM,v1,0,0,0,0.00,99.04,0.00,19904.27
2026-03-27T08:49:33.557534,CLM,v1,0,0,0,0.00,99.04,0.00,19904.27
2026-03-27T08:49:35.830199,CLM,v1,0,0,0,0.00,99.04,0.00,19904.27
2026-03-27T08:49:38.015583,CLM,v1,0,0,0,0.00,99.04,0.00,19904.27
2026-03-27T08:49:40.279932,CLM,v1,0,0,0,0.00,99.04,0.00,19904.27
2026-03-27T08:49:42.565344,CLM,v1,0,0,0,0.00,99.04,0.00,19904.27
2026-03-27T08:49:44.820760,CLM,v1,0,0,0,0.00,99.04,0.00,19904.27
2026-03-27T08:49:47.026243,CLM,v1,0,0,0,0.00,99.04,0.00,19904.27
2026-03-27T08:49:49.237562,CLM,v1,0,0,0,0.00,99.04,0.00,19904.27
2026-03-27T08:49:51.220529,CLM,v1,0,0,0,0.00,99.04,0.00,19904.27
2026-03-27T08:49:53.304194,CLM,v1,0,0,0,0.00,99.04,0.00,19904.27
2026-03-27T08:49:55.292156,CLM,v1,0,0,0,0.00,99.04,0.00,19904.27
2026-03-27T08:49:57.644165,CLM,v1,0,0,0,0.00,99.04,0.00,19904.27
2026-03-27T08:49:59.833001,CLM,v1,0,0,0,0.00,99.04,0.00,19904.27
2026-03-27T08:50:02.004639,CLM,v1,0,0,0,0.00,99.04,0.00,19904.27
2026-03-27T08:50:04.071118,CLM,v1,0,0,0,0.00,99.04,0.00,19904.27
2026-03-27T08:50:06.471704,CLM,v1,0,0,0,0.00,98.37,0.00,19837.37
2026-03-27T08:50:08.776767,CLM,v1,0,0,0,0.00,98.37,0.00,19837.37
2026-03-27T08:50:11.012541,CLM,v1,0,0,0,0.00,98.65,0.00,19864.91
2026-03-27T08:50:13.475815,CLM,v1,0,0,0,0.00,98.65,0.00,19864.91
2026-03-27T08:50:15.648311,CLM,v1,0,0,0,0.00,98.65,0.00,19864.91
2026-03-27T08:50:17.970386,CLM,v1,0,0,0,0.00,98.65,0.00,19864.91
2026-03-27T08:50:20.301883,CLM,v1,0,0,0,0.00,98.65,0.00,19864.91
2026-03-27T08:50:22.459444,CLM,v1,0,0,0,0.00,98.65,0.00,19864.91
2026-03-27T08:50:24.713593,CLM,v1,0,0,0,0.00,98.65,0.00,19864.91
2026-03-27T08:50:27.107963,CLM,v1,0,0,0,0.00,98.65,0.00,19864.91
2026-03-27T08:50:29.394684,CLM,v1,0,0,0,0.00,98.65,0.00,19864.91
2026-03-27T08:50:31.732374,CLM,v1,0,0,0,0.00,98.65,0.00,19864.91
2026-03-27T08:50:33.984554,CLM,v1,0,0,0,0.00,98.65,0.00,19864.91
2026-03-27T08:50:36.078909,CLM,v1,0,0,0,0.00,98.65,0.00,19864.91
2026-03-27T08:50:38.442677,CLM,v1,0,0,0,0.00,98.65,0.00,19864.91
2026-03-27T08:50:40.669042,CLM,v1,0,0,0,0.00,98.65,0.00,19864.91
2026-03-27T08:50:43.003650,CLM,v1,0,0,0,0.00,98.65,0.00,19864.91
2026-03-27T08:50:45.351142,CLM,v1,0,0,0,0.00,98.65,0.00,19864.91
2026-03-27T08:50:47.554522,CLM,v1,0,0,0,0.00,98.65,0.00,19864.91
2026-03-27T08:50:49.799256,CLM,v1,0,0,0,0.00,98.65,0.00,19864.91
2026-03-27T08:50:51.863554,CLM,v1,0,0,0,0.00,98.65,0.00,19864.91
2026-03-27T08:50:54.177977,CLM,v1,0,0,0,0.00,98.65,0.00,19864.91
2026-03-27T08:50:56.356934,CLM,v1,0,0,0,0.00,99.83,0.00,19982.98
2026-03-27T08:50:58.636919,CLM,v1,0,0,0,0.00,99.83,0.00,19982.98
2026-03-27T08:51:00.893054,CLM,v1,0,0,0,0.00,99.83,0.00,19982.98
2026-03-27T08:51:03.220501,CLM,v1,0,0,0,0.00,99.83,0.00,19982.98
2026-03-27T08:51:05.274883,CLM,v1,0,0,0,0.00,99.83,0.00,19982.98
2026-03-27T08:51:07.610684,CLM,v1,0,0,0,0.00,99.84,0.00,19983.76
2026-03-27T08:51:09.820455,CLM,v1,0,0,0,0.00,99.83,0.00,19982.98
2026-03-27T08:51:12.041720,CLM,v1,0,0,0,0.00,100.62,0.00,20061.69
2026-03-27T08:51:14.197938,CLM,v1,0,0,0,0.00,99.92,0.00,19991.63
2026-03-27T08:51:16.500824,CLM,v1,0,0,0,0.00,99.92,0.00,19991.63
2026-03-27T08:51:18.513227,CLM,v1,0,0,0,0.00,99.92,0.00,19991.63
2026-03-27T08:51:20.891064,CLM,v1,0,0,0,0.00,99.83,0.00,19982.98
2026-03-27T08:51:23.091567,CLM,v1,0,0,0,0.00,100.62,0.00,20061.69
2026-03-27T08:51:25.410496,CLM,v1,0,0,0,0.00,100.62,0.00,20061.69
2026-03-27T08:51:27.635297,CLM,v1,0,0,0,0.00,100.62,0.00,20061.69
2026-03-27T08:51:29.899067,CLM,v1,0,0,0,0.00,100.62,0.00,20061.69
2026-03-27T08:51:32.531287,CLM,v1,0,0,0,0.00,99.23,0.00,19923.24
2026-03-27T08:51:34.623221,CLM,v1,0,0,0,0.00,99.23,0.00,19923.24
2026-03-27T08:51:37.048499,CLM,v1,0,0,0,0.00,100.54,0.00,20053.81
2026-03-27T08:51:39.382040,CLM,v1,0,0,0,0.00,100.22,0.00,20022.33
2026-03-27T08:51:41.399380,CLM,v1,0,0,0,0.00,100.54,0.00,20053.81
2026-03-27T08:51:43.685555,CLM,v1,0,0,0,0.00,100.22,0.00,20022.33
2026-03-27T08:51:46.056906,CLM,v1,0,0,0,0.00,101.01,0.00,20101.04
2026-03-27T08:51:48.395764,CLM,v1,0,0,0,0.00,101.01,0.00,20101.04
2026-03-27T08:51:50.714325,CLM,v1,0,0,0,0.00,99.83,0.00,19982.98
2026-03-27T08:51:52.943365,CLM,v1,0,0,0,0.00,99.83,0.00,19982.98
2026-03-27T08:51:55.014041,CLM,v1,0,0,0,0.00,101.01,0.00,20101.04
2026-03-27T08:51:57.388031,CLM,v1,0,0,0,0.00,100.22,0.00,20022.33
2026-03-27T08:51:59.431710,CLM,v1,0,0,0,0.00,99.83,0.00,19982.98
2026-03-27T08:52:01.740771,CLM,v1,0,0,0,0.00,100.22,0.00,20022.33
2026-03-27T08:52:03.893470,CLM,v1,0,0,0,0.00,100.22,0.00,20022.33
2026-03-27T08:52:06.079601,CLM,v1,0,0,0,0.00,99.84,0.00,19983.76
2026-03-27T08:52:08.401186,CLM,v1,0,0,0,0.00,99.84,0.00,19983.76
2026-03-27T08:52:10.581546,CLM,v1,0,0,0,0.00,99.84,0.00,19983.76
2026-03-27T08:52:12.787570,CLM,v1,0,0,0,0.00,100.22,0.00,20022.33
2026-03-27T08:52:15.183714,CLM,v1,0,0,0,0.00,100.22,0.00,20022.33
2026-03-27T08:52:17.476619,CLM,v1,0,0,0,0.00,100.22,0.00,20022.33
2026-03-27T08:52:19.464112,CLM,v1,0,0,0,0.00,99.84,0.00,19983.76
2026-03-27T08:52:21.729515,CLM,v1,0,0,0,0.00,100.22,0.00,20022.33
2026-03-27T08:52:24.022660,CLM,v1,0,0,0,0.00,100.22,0.00,20022.33
2026-03-27T08:52:26.365951,CLM,v1,0,0,0,0.00,100.22,0.00,20022.33
2026-03-27T08:52:28.471591,CLM,v1,0,0,0,0.00,100.22,0.00,20022.33
2026-03-27T08:52:30.731864,CLM,v1,0,0,0,0.00,100.22,0.00,20022.33
2026-03-27T08:52:32.890373,CLM,v1,0,0,0,0.00,100.22,0.00,20022.33
2026-03-27T08:52:35.047329,CLM,v1,0,0,0,0.00,100.22,0.00,20022.33
2026-03-27T08:52:37.277786,CLM,v1,0,0,0,0.00,99.88,0.00,19988.48
2026-03-27T08:52:39.609493,CLM,v1,0,0,0,0.00,99.88,0.00,19988.48
2026-03-27T08:52:41.984650,CLM,v1,0,0,0,0.00,100.22,0.00,20022.33
2026-03-27T08:52:44.201565,CLM,v1,0,0,0,0.00,100.22,0.00,20022.33
2026-03-27T08:52:46.536375,CLM,v1,0,0,0,0.00,100.22,0.00,20022.33
2026-03-27T08:52:48.679681,CLM,v1,0,0,0,0.00,100.22,0.00,20022.33
2026-03-27T08:52:50.967069,CLM,v1,0,0,0,0.00,100.22,0.00,20022.33
2026-03-27T08:52:53.400434,CLM,v1,0,0,0,0.00,98.84,0.00,19884.15
2026-03-27T08:52:55.580797,CLM,v1,0,0,0,0.00,100.22,0.00,20022.33
2026-03-27T08:52:57.795334,CLM,v1,0,0,0,0.00,100.22,0.00,20022.33
2026-03-27T08:52:59.983558,CLM,v1,0,0,0,0.00,100.22,0.00,20022.33
2026-03-27T08:53:02.336630,CLM,v1,0,0,0,0.00,99.23,0.00,19923.24
2026-03-27T08:53:04.632712,CLM,v1,0,0,0,0.00,100.62,0.00,20061.69
2026-03-27T08:53:06.903466,CLM,v1,0,0,0,0.00,100.62,0.00,20061.69
2026-03-27T08:53:09.147571,CLM,v1,0,0,0,0.00,100.62,0.00,20061.69
2026-03-27T08:53:11.381325,CLM,v1,0,0,0,0.00,100.62,0.00,20061.69
2026-03-27T08:53:13.676281,CLM,v1,0,0,0,0.00,100.62,0.00,20061.69
2026-03-27T08:53:15.967459,CLM,v1,0,0,0,0.00,100.62,0.00,20061.69
2026-03-27T08:53:18.541598,CLM,v1,0,0,0,0.00,100.62,0.00,20061.69
2026-03-27T08:53:20.722116,CLM,v1,0,0,0,0.00,100.62,0.00,20061.69
2026-03-27T08:53:22.904785,CLM,v1,0,0,0,0.00,100.62,0.00,20061.69
2026-03-27T08:53:25.108781,CLM,v1,0,0,0,0.00,100.62,0.00,20061.69
2026-03-27T08:53:27.139390,CLM,v1,0,0,0,0.00,100.62,0.00,20061.69
2026-03-27T08:53:29.329182,CLM,v1,0,0,0,0.00,100.22,0.00,20022.33
2026-03-27T08:53:31.648974,CLM,v1,0,0,0,0.00,100.22,0.00,20022.33
2026-03-27T08:53:33.811294,CLM,v1,0,0,0,0.00,100.22,0.00,20022.33
2026-03-27T08:53:36.090486,CLM,v1,0,0,0,0.00,100.22,0.00,20022.33
2026-03-27T08:53:38.308482,CLM,v1,0,0,0,0.00,99.90,0.00,19990.06
2026-03-27T08:53:40.652688,CLM,v1,0,0,0,0.00,98.52,0.00,19852.10
2026-03-27T08:53:42.963530,CLM,v1,0,0,0,0.00,100.62,0.00,20061.69
2026-03-27T08:53:45.316726,CLM,v1,0,0,0,0.00,100.62,0.00,20061.69
2026-03-27T08:53:47.542604,CLM,v1,0,0,0,0.00,100.62,0.00,20061.69
2026-03-27T08:53:49.824757,CLM,v1,0,0,0,0.00,100.60,0.00,20060.11
2026-03-27T08:53:52.247077,CLM,v1,0,0,0,0.00,100.62,0.00,20061.69
2026-03-27T08:53:54.557146,CLM,v1,0,0,0,0.00,100.62,0.00,20061.69
2026-03-27T08:53:56.744015,CLM,v1,0,0,0,0.00,100.62,0.00,20061.69
2026-03-27T08:53:59.005612,CLM,v1,0,0,0,0.00,100.62,0.00,20061.69
2026-03-27T08:54:01.149884,CLM,v1,0,0,0,0.00,100.62,0.00,20061.69
2026-03-27T08:54:03.316903,CLM,v1,0,0,0,0.00,100.62,0.00,20061.69
2026-03-27T08:54:05.772409,CLM,v1,0,0,0,0.00,100.62,0.00,20061.69
2026-03-27T08:54:08.039416,CLM,v1,0,0,0,0.00,100.22,0.00,20022.33
2026-03-27T08:54:10.502682,CLM,v1,0,0,0,0.00,100.62,0.00,20061.69
2026-03-27T08:54:12.770655,CLM,v1,0,0,0,0.00,100.62,0.00,20061.69
2026-03-27T08:54:14.986580,CLM,v1,0,0,0,0.00,100.62,0.00,20061.69
2026-03-27T08:54:17.264730,CLM,v1,0,0,0,0.00,100.62,0.00,20061.69
2026-03-27T08:54:19.466564,CLM,v1,0,0,0,0.00,100.62,0.00,20061.69
2026-03-27T08:54:21.674538,CLM,v1,0,0,0,0.00,100.62,0.00,20061.69
2026-03-27T08:54:23.939219,CLM,v1,0,0,0,0.00,100.62,0.00,20061.69
2026-03-27T08:54:26.115271,CLM,v1,0,0,0,0.00,100.62,0.00,20061.69
2026-03-27T08:54:28.355082,CLM,v1,0,0,0,0.00,100.62,0.00,20061.69
2026-03-27T08:54:30.385765,CLM,v1,0,0,0,0.00,100.62,0.00,20061.69
2026-03-27T08:54:32.725122,CLM,v1,0,0,0,0.00,100.60,0.00,20060.11
2026-03-27T08:54:34.733246,CLM,v1,0,0,0,0.00,100.62,0.00,20061.69
2026-03-27T08:54:36.869193,CLM,v1,0,0,0,0.00,100.60,0.00,20060.11
2026-03-27T08:54:39.198320,CLM,v1,0,0,0,0.00,100.09,0.00,20008.95
2026-03-27T08:54:41.372387,CLM,v1,0,0,0,0.00,100.09,0.00,20008.95
2026-03-27T08:54:43.620610,CLM,v1,0,0,0,0.00,100.09,0.00,20008.95
2026-03-27T08:54:45.830731,CLM,v1,0,0,0,0.00,100.09,0.00,20008.95
2026-03-27T08:54:48.239897,CLM,v1,0,0,0,0.00,100.09,0.00,20008.95
2026-03-27T08:54:50.563769,CLM,v1,0,0,0,0.00,100.62,0.00,20061.69
2026-03-27T08:54:52.669543,CLM,v1,0,0,0,0.00,100.62,0.00,20061.69
2026-03-27T08:54:54.856216,CLM,v1,0,0,0,0.00,100.62,0.00,20061.69
2026-03-27T08:54:57.132473,CLM,v1,0,0,0,0.00,100.62,0.00,20061.69
2026-03-27T08:54:59.112497,CLM,v1,0,0,0,0.00,100.62,0.00,20061.69
2026-03-27T08:55:01.372661,CLM,v1,0,0,0,0.00,100.62,0.00,20061.69
2026-03-27T08:55:03.559505,CLM,v1,0,0,0,0.00,100.62,0.00,20061.69
2026-03-27T08:55:05.736699,CLM,v1,0,0,0,0.00,100.62,0.00,20061.69
2026-03-27T08:55:08.049148,CLM,v1,0,0,0,0.00,100.62,0.00,20061.69
2026-03-27T08:55:10.355564,CLM,v1,0,0,0,0.00,100.62,0.00,20061.69
2026-03-27T08:55:12.581495,CLM,v1,0,0,0,0.00,100.62,0.00,20061.69
2026-03-27T08:55:14.955106,CLM,v1,0,0,0,0.00,100.62,0.00,20061.69
2026-03-27T08:55:17.125707,CLM,v1,0,0,0,0.00,100.62,0.00,20061.69
2026-03-27T08:55:19.100862,CLM,v1,0,0,0,0.00,100.62,0.00,20061.69
2026-03-27T08:55:21.407394,CLM,v1,0,0,0,0.00,100.62,0.00,20061.69
2026-03-27T08:55:23.885873,CLM,v1,0,0,0,0.00,101.01,0.00,20101.04
2026-03-27T08:55:26.150867,CLM,v1,0,0,0,0.00,101.01,0.00,20101.04
2026-03-27T08:55:28.579590,CLM,v1,0,0,0,0.00,99.62,0.00,19962.32
2026-03-27T08:55:30.917309,CLM,v1,0,0,0,0.00,101.01,0.00,20101.04
2026-03-27T08:55:33.128485,CLM,v1,0,0,0,0.00,101.40,0.00,20140.39
2026-03-27T08:55:35.514267,CLM,v1,0,0,0,0.00,101.40,0.00,20140.39
2026-03-27T08:55:37.827783,CLM,v1,0,0,0,0.00,101.40,0.00,20140.39
2026-03-27T08:55:40.174440,CLM,v1,0,0,0,0.00,101.40,0.00,20140.39
2026-03-27T08:55:42.481660,CLM,v1,0,0,0,0.00,101.40,0.00,20140.39
2026-03-27T08:55:44.699531,CLM,v1,0,0,0,0.00,101.40,0.00,20140.39
2026-03-27T08:55:47.250125,CLM,v1,0,0,0,0.00,101.40,0.00,20140.39
2026-03-27T08:55:49.602904,CLM,v1,0,0,0,0.00,101.40,0.00,20140.39
2026-03-27T08:55:51.871348,CLM,v1,0,0,0,0.00,101.01,0.00,20101.04
2026-03-27T08:55:54.091114,CLM,v1,0,0,0,0.00,101.01,0.00,20101.04
2026-03-27T08:55:56.353994,CLM,v1,0,0,0,0.00,101.01,0.00,20101.04
2026-03-27T08:55:58.594454,CLM,v1,0,0,0,0.00,101.01,0.00,20101.04
2026-03-27T08:56:00.873704,CLM,v1,0,0,0,0.00,101.01,0.00,20101.04
2026-03-27T08:56:03.206060,CLM,v1,0,0,0,0.00,102.18,0.00,20218.31
2026-03-27T08:56:05.455400,CLM,v1,0,0,0,0.00,102.57,0.00,20256.88
2026-03-27T08:56:07.683138,CLM,v1,0,0,0,0.00,102.57,0.00,20256.88
2026-03-27T08:56:09.895418,CLM,v1,0,0,0,0.00,102.57,0.00,20256.88
2026-03-27T08:56:12.129501,CLM,v1,0,0,0,0.00,102.57,0.00,20256.88
2026-03-27T08:56:14.166692,CLM,v1,0,0,0,0.00,102.57,0.00,20256.88
2026-03-27T08:56:16.567348,CLM,v1,0,0,0,0.00,102.18,0.00,20218.32
2026-03-27T08:56:18.684158,CLM,v1,0,0,0,0.00,102.18,0.00,20218.32
2026-03-27T08:56:21.103979,CLM,v1,0,0,0,0.00,102.18,0.00,20218.32
2026-03-27T08:56:23.403602,CLM,v1,0,0,0,0.00,102.18,0.00,20218.32
2026-03-27T08:56:25.709630,CLM,v1,0,0,0,0.00,102.18,0.00,20218.32
2026-03-27T08:56:28.072900,CLM,v1,0,0,0,0.00,102.18,0.00,20218.32
2026-03-27T08:56:30.744884,CLM,v1,0,0,0,0.00,102.97,0.00,20297.02
2026-03-27T08:56:32.945489,CLM,v1,0,0,0,0.00,102.97,0.00,20297.02
2026-03-27T08:56:35.251671,CLM,v1,0,0,0,0.00,102.97,0.00,20297.02
2026-03-27T08:56:37.660646,CLM,v1,0,0,0,0.00,103.36,0.00,20335.59
2026-03-27T08:56:39.878957,CLM,v1,0,0,0,0.00,103.36,0.00,20335.59
2026-03-27T08:56:42.436990,CLM,v1,0,0,0,0.00,103.36,0.00,20335.59
2026-03-27T08:56:44.778164,CLM,v1,0,0,0,0.00,103.36,0.00,20335.59
2026-03-27T08:56:47.130575,CLM,v1,0,0,0,0.00,103.36,0.00,20336.38
2026-03-27T08:56:49.348764,CLM,v1,0,0,0,0.00,103.36,0.00,20336.38
2026-03-27T08:56:51.609135,CLM,v1,0,0,0,0.00,103.36,0.00,20336.38
2026-03-27T08:56:53.714362,CLM,v1,0,0,0,0.00,103.36,0.00,20336.38
2026-03-27T08:56:56.202680,CLM,v1,0,0,0,0.00,103.36,0.00,20336.38
2026-03-27T08:56:58.302488,CLM,v1,0,0,0,0.00,103.36,0.00,20336.38
2026-03-27T08:57:00.533572,CLM,v1,0,0,0,0.00,103.36,0.00,20336.38
2026-03-27T08:57:02.873756,CLM,v1,0,0,0,0.00,103.36,0.00,20336.38
2026-03-27T08:57:05.097650,CLM,v1,0,0,0,0.00,103.36,0.00,20336.38
2026-03-27T08:57:07.454211,CLM,v1,0,0,0,0.00,103.36,0.00,20336.38
2026-03-27T08:57:09.751578,CLM,v1,0,0,0,0.00,103.36,0.00,20336.38
2026-03-27T08:57:12.140400,CLM,v1,0,0,0,0.00,103.36,0.00,20336.38
2026-03-27T08:57:14.550361,CLM,v1,0,0,0,0.00,102.70,0.00,20270.26
2026-03-27T08:57:16.940364,CLM,v1,0,0,0,0.00,102.70,0.00,20270.26
2026-03-27T08:57:19.432290,CLM,v1,0,0,0,0.00,102.70,0.00,20270.26
2026-03-27T08:57:21.696448,CLM,v1,0,0,0,0.00,102.70,0.00,20270.26
2026-03-27T08:57:23.988039,CLM,v1,0,0,0,0.00,102.70,0.00,20270.26
2026-03-27T08:57:26.298137,CLM,v1,0,0,0,0.00,102.70,0.00,20270.26
2026-03-27T08:57:28.302020,CLM,v1,0,0,0,0.00,102.70,0.00,20270.26
2026-03-27T08:57:30.642755,CLM,v1,0,0,0,0.00,103.26,0.00,20326.15
2026-03-27T08:57:32.979958,CLM,v1,0,0,0,0.00,102.97,0.00,20297.02
2026-03-27T08:57:35.470195,CLM,v1,0,0,0,0.00,102.97,0.00,20297.02
2026-03-27T08:57:37.786164,CLM,v1,0,0,0,0.00,103.37,0.00,20337.17
2026-03-27T08:57:40.039060,CLM,v1,0,0,0,0.00,103.37,0.00,20337.17
2026-03-27T08:57:42.503975,CLM,v1,0,0,0,0.00,103.37,0.00,20337.17
2026-03-27T08:57:44.782556,CLM,v1,0,0,0,0.00,103.37,0.00,20337.17
2026-03-27T08:57:47.046909,CLM,v1,0,0,0,0.00,103.76,0.00,20375.73
2026-03-27T08:57:49.323401,CLM,v1,0,0,0,0.00,103.76,0.00,20375.73
2026-03-27T08:57:51.728284,CLM,v1,0,0,0,0.00,103.76,0.00,20375.73
2026-03-27T08:57:54.053930,CLM,v1,0,0,0,0.00,104.01,0.00,20400.92
2026-03-27T08:57:56.384483,CLM,v1,0,0,0,0.00,104.01,0.00,20400.92
2026-03-27T08:57:58.658711,CLM,v1,0,0,0,0.00,104.01,0.00,20400.92
2026-03-27T08:58:00.997357,CLM,v1,0,0,0,0.00,103.76,0.00,20375.73
2026-03-27T08:58:03.287928,CLM,v1,0,0,0,0.00,103.76,0.00,20375.73
2026-03-27T08:58:05.638586,CLM,v1,0,0,0,0.00,103.76,0.00,20375.73
2026-03-27T08:58:07.987849,CLM,v1,0,0,0,0.00,103.76,0.00,20375.73
2026-03-27T08:58:10.357981,CLM,v1,0,0,0,0.00,104.15,0.00,20415.09
2026-03-27T08:58:12.555585,CLM,v1,0,0,0,0.00,104.15,0.00,20415.09
2026-03-27T08:58:14.805938,CLM,v1,0,0,0,0.00,104.15,0.00,20415.09
2026-03-27T08:58:17.296622,CLM,v1,0,0,0,0.00,104.15,0.00,20415.09
2026-03-27T08:58:19.840774,CLM,v1,0,0,0,0.00,104.15,0.00,20415.09
2026-03-27T08:58:22.096590,CLM,v1,0,0,0,0.00,104.14,0.00,20413.51
2026-03-27T08:58:24.213558,CLM,v1,0,0,0,0.00,104.14,0.00,20413.51
2026-03-27T08:58:26.492039,CLM,v1,0,0,0,0.00,104.14,0.00,20413.51
2026-03-27T08:58:28.530803,CLM,v1,0,0,0,0.00,104.14,0.00,20413.51
2026-03-27T08:58:30.719363,CLM,v1,0,0,0,0.00,104.14,0.00,20413.51
2026-03-27T08:58:32.953541,CLM,v1,0,0,0,0.00,104.14,0.00,20413.51
2026-03-27T08:58:35.277960,CLM,v1,0,0,0,0.00,104.14,0.00,20413.51
2026-03-27T08:58:37.574141,CLM,v1,0,0,0,0.00,104.14,0.00,20413.51
2026-03-27T08:58:39.785529,CLM,v1,0,0,0,0.00,104.14,0.00,20413.51
2026-03-27T08:58:42.083993,CLM,v1,0,0,0,0.00,104.14,0.00,20413.51
2026-03-27T08:58:44.197428,CLM,v1,0,0,0,0.00,104.14,0.00,20413.51
2026-03-27T08:58:46.470302,CLM,v1,0,0,0,0.00,104.14,0.00,20413.51
2026-03-27T08:58:48.799507,CLM,v1,0,0,0,0.00,104.14,0.00,20413.51
2026-03-27T08:58:51.230463,CLM,v1,0,0,0,0.00,104.14,0.00,20413.51
2026-03-27T08:58:53.405279,CLM,v1,0,0,0,0.00,104.14,0.00,20413.51
2026-03-27T08:58:55.614906,CLM,v1,0,0,0,0.00,104.14,0.00,20413.51
2026-03-27T08:58:58.001199,CLM,v1,0,0,0,0.00,104.14,0.00,20413.51
2026-03-27T08:59:00.220901,CLM,v1,0,0,0,0.00,104.14,0.00,20414.30
2026-03-27T08:59:02.559551,CLM,v1,0,0,0,0.00,104.14,0.00,20414.30
2026-03-27T08:59:04.859486,CLM,v1,0,0,0,0.00,104.14,0.00,20414.30
2026-03-27T08:59:07.252066,CLM,v1,0,0,0,0.00,104.14,0.00,20414.30
2026-03-27T08:59:09.343879,CLM,v1,0,0,0,0.00,104.14,0.00,20414.30
2026-03-27T08:59:11.647031,CLM,v1,0,0,0,0.00,104.14,0.00,20414.30
2026-03-27T08:59:14.016153,CLM,v1,0,0,0,0.00,104.14,0.00,20414.30
2026-03-27T08:59:16.460763,CLM,v1,0,0,0,0.00,104.14,0.00,20414.30
2026-03-27T08:59:18.744579,CLM,v1,0,0,0,0.00,104.15,0.00,20415.09
2026-03-27T08:59:21.277149,CLM,v1,0,0,0,0.00,103.62,0.00,20362.35
2026-03-27T08:59:23.484002,CLM,v1,0,0,0,0.00,103.62,0.00,20362.35
2026-03-27T08:59:25.853917,CLM,v1,0,0,0,0.00,103.36,0.00,20336.38
2026-03-27T08:59:28.069817,CLM,v1,0,0,0,0.00,102.97,0.00,20297.02
2026-03-27T08:59:30.410398,CLM,v1,0,0,0,0.00,102.97,0.00,20297.02
2026-03-27T08:59:32.824686,CLM,v1,0,0,0,0.00,102.97,0.00,20297.02
2026-03-27T08:59:34.896255,CLM,v1,0,0,0,0.00,102.97,0.00,20297.02
2026-03-27T08:59:37.217814,CLM,v1,0,0,0,0.00,102.43,0.00,20242.72
2026-03-27T08:59:39.695947,CLM,v1,0,0,0,0.00,102.97,0.00,20297.02
2026-03-27T08:59:41.829790,CLM,v1,0,0,0,0.00,102.43,0.00,20242.72
2026-03-27T08:59:44.167493,CLM,v1,0,0,0,0.00,102.97,0.00,20297.02
2026-03-27T08:59:46.456992,CLM,v1,0,0,0,0.00,102.97,0.00,20297.02
2026-03-27T08:59:49.010604,CLM,v1,0,0,0,0.00,102.97,0.00,20297.02
2026-03-27T08:59:51.438500,CLM,v1,0,0,0,0.00,102.97,0.00,20297.02
2026-03-27T08:59:53.783512,CLM,v1,0,0,0,0.00,102.97,0.00,20297.02
2026-03-27T08:59:56.065363,CLM,v1,0,0,0,0.00,102.97,0.00,20297.02
2026-03-27T08:59:58.525601,CLM,v1,0,0,0,0.00,102.97,0.00,20297.02
2026-03-27T09:00:00.954085,CLM,v1,0,0,0,0.00,102.97,0.00,20297.02
2026-03-27T09:00:03.355673,CLM,v1,0,0,0,0.00,102.97,0.00,20297.02
2026-03-27T09:00:05.576222,CLM,v1,0,0,0,0.00,102.97,0.00,20297.02
2026-03-27T09:00:07.980999,CLM,v1,0,0,0,0.00,99.03,0.00,19903.48
2026-03-27T09:00:10.297933,CLM,v1,0,0,0,0.00,99.03,0.00,19903.48
2026-03-27T09:00:12.825963,CLM,v1,0,0,0,0.00,99.03,0.00,19903.48
2026-03-27T09:00:15.109812,CLM,v1,0,0,0,0.00,99.03,0.00,19903.48
2026-03-27T09:00:17.196602,CLM,v1,0,0,0,0.00,99.03,0.00,19903.48
2026-03-27T09:00:19.834614,CLM,v1,0,0,0,0.00,103.36,0.00,20336.38
2026-03-27T09:00:22.114686,CLM,v1,0,0,0,0.00,103.36,0.00,20336.38
2026-03-27T09:00:24.355487,CLM,v1,0,0,0,0.00,103.36,0.00,20336.38
2026-03-27T09:00:26.677364,CLM,v1,0,0,0,0.00,103.36,0.00,20336.38
2026-03-27T09:00:29.413079,CLM,v1,0,0,0,0.00,103.36,0.00,20336.38
2026-03-27T09:00:31.650715,CLM,v1,0,0,0,0.00,103.36,0.00,20336.38
2026-03-27T09:00:33.902672,CLM,v1,0,0,0,0.00,103.36,0.00,20336.38
2026-03-27T09:00:36.236656,CLM,v1,0,0,0,0.00,103.36,0.00,20336.38
2026-03-27T09:00:38.443444,CLM,v1,0,0,0,0.00,103.36,0.00,20336.38
2026-03-27T09:00:40.746898,CLM,v1,0,0,0,0.00,103.36,0.00,20336.38
2026-03-27T09:00:43.116414,CLM,v1,0,0,0,0.00,103.36,0.00,20336.38
2026-03-27T09:00:45.301330,CLM,v1,0,0,0,0.00,103.36,0.00,20336.38
2026-03-27T09:00:47.508698,CLM,v1,0,0,0,0.00,102.97,0.00,20297.02
2026-03-27T09:00:50.104123,CLM,v1,0,0,0,0.00,102.97,0.00,20297.02
2026-03-27T09:00:52.309614,CLM,v1,0,0,0,0.00,102.97,0.00,20297.02
2026-03-27T09:00:54.669819,CLM,v1,0,0,0,0.00,102.97,0.00,20297.02
2026-03-27T09:00:56.947310,CLM,v1,0,0,0,0.00,102.97,0.00,20297.02
2026-03-27T09:00:59.256331,CLM,v1,0,0,0,0.00,102.97,0.00,20297.02
2026-03-27T09:01:01.627639,CLM,v1,0,0,0,0.00,102.97,0.00,20297.02
2026-03-27T09:01:03.898986,CLM,v1,0,0,0,0.00,102.97,0.00,20297.02
2026-03-27T09:01:06.266762,CLM,v1,0,0,0,0.00,102.97,0.00,20297.02
2026-03-27T09:01:08.706574,CLM,v1,0,0,0,0.00,102.97,0.00,20297.02
2026-03-27T09:01:10.889973,CLM,v1,0,0,0,0.00,102.97,0.00,20297.02
2026-03-27T09:01:13.397472,CLM,v1,0,0,0,0.00,102.97,0.00,20297.02
2026-03-27T09:01:15.879150,CLM,v1,0,0,0,0.00,102.97,0.00,20297.02
2026-03-27T09:01:18.155215,CLM,v1,0,0,0,0.00,102.97,0.00,20297.02
2026-03-27T09:01:21.365861,CLM,v1,0,0,0,0.00,102.97,0.00,20297.02
