trades,wr,pf,net_pct,max_dd,calmar,tp,sl,mb,adx,pb_pct,atr_floor,vol_mult
76,71.1,1.411,11.05,-5.7,1.939,3,73,0,18,0.25,0.001,0.3
78,70.5,1.368,10.35,-5.69,1.82,3,75,0,18,0.25,0.001,0.2
79,69.6,1.32,9.33,-5.7,1.636,3,76,0,18,0.3,0.001,0.3
75,69.3,1.331,9.16,-5.73,1.597,3,72,0,18,0.2,0.001,0.3
81,69.1,1.285,8.63,-5.69,1.518,3,78,0,18,0.3,0.001,0.2
69,68.1,1.252,6.61,-4.36,1.517,2,67,0,20,0.25,0.001,0.3
81,69.1,1.283,8.48,-5.7,1.488,3,78,0,18,0.4,0.001,0.3
77,68.8,1.293,8.47,-5.72,1.48,3,74,0,18,0.2,0.001,0.2
71,67.6,1.222,6.09,-4.35,1.401,2,69,0,20,0.25,0.001,0.2
83,68.7,1.25,7.79,-5.69,1.371,3,80,0,18,0.4,0.001,0.2
74,68.9,1.298,8.32,-6.39,1.301,3,71,0,18,0.25,0.001,0.5
101,68.3,1.189,7.15,-5.54,1.292,3,98,0,8,0.25,0.001,0.2
98,68.4,1.192,7.02,-5.56,1.264,3,95,0,8,0.25,0.001,0.3
69,69.6,1.317,8.09,-6.5,1.245,3,66,0,18,0.15,0.001,0.3
69,66.7,1.201,5.45,-4.39,1.241,2,67,0,20,0.2,0.001,0.3
76,69.7,1.31,8.76,-7.65,1.145,3,73,0,18,0.25,0.0005,0.3
76,69.7,1.31,8.76,-7.65,1.145,3,73,0,18,0.25,0.0,0.3
72,66.7,1.174,4.95,-4.36,1.136,2,70,0,20,0.3,0.001,0.3
71,66.2,1.174,4.94,-4.38,1.126,2,69,0,20,0.2,0.001,0.2
72,68.1,1.259,7.14,-6.42,1.111,3,69,0,18,0.2,0.001,0.5
78,69.2,1.274,8.07,-7.64,1.056,3,75,0,18,0.25,0.0005,0.2
78,69.2,1.274,8.07,-7.64,1.056,3,75,0,18,0.25,0.0,0.2
70,67.1,1.246,6.72,-6.39,1.051,3,67,0,18,0.25,0.001,0.7
74,66.2,1.15,4.44,-4.35,1.021,2,72,0,20,0.3,0.001,0.2
104,67.3,1.137,5.49,-5.54,0.99,3,101,0,8,0.3,0.001,0.2
65,66.2,1.24,6.34,-6.41,0.988,3,62,0,18,0.25,0.001,1.0
77,67.5,1.208,6.26,-6.39,0.98,3,74,0,18,0.3,0.001,0.5
101,67.3,1.138,5.35,-5.56,0.964,3,98,0,8,0.3,0.001,0.3
74,66.2,1.201,5.95,-6.39,0.931,3,71,0,18,0.3,0.001,0.7
98,67.3,1.154,5.77,-6.24,0.925,3,95,0,8,0.2,0.001,0.3
79,68.4,1.232,7.07,-7.65,0.924,3,76,0,18,0.3,0.0005,0.3
79,68.4,1.232,7.07,-7.65,0.924,3,76,0,18,0.3,0.0,0.3
75,68.0,1.238,6.9,-7.68,0.899,3,72,0,18,0.2,0.0005,0.3
75,68.0,1.238,6.9,-7.68,0.899,3,72,0,18,0.2,0.0,0.3
75,68.0,1.234,6.83,-7.68,0.89,3,72,0,18,0.25,0.0005,0.5
75,68.0,1.234,6.83,-7.68,0.89,3,72,0,18,0.25,0.0,0.5
74,66.2,1.141,4.14,-4.72,0.877,2,72,0,20,0.4,0.001,0.3
79,67.1,1.179,5.54,-6.39,0.866,3,76,0,18,0.4,0.001,0.5
66,68.2,1.24,6.09,-7.19,0.847,3,63,0,18,0.15,0.001,0.5
76,65.8,1.119,3.63,-4.35,0.836,2,74,0,20,0.4,0.001,0.2
81,67.9,1.202,6.38,-7.64,0.836,3,78,0,18,0.3,0.0,0.2
81,67.9,1.202,6.38,-7.64,0.836,3,78,0,18,0.3,0.0005,0.2
63,66.7,1.173,4.33,-5.17,0.836,2,61,0,20,0.15,0.001,0.3
92,67.4,1.153,5.42,-6.58,0.825,3,89,0,12,0.2,0.001,0.3
100,67.0,1.133,5.12,-6.23,0.822,3,97,0,8,0.2,0.001,0.2
86,67.4,1.167,5.59,-6.81,0.821,3,83,0,15,0.25,0.001,0.2
76,65.8,1.171,5.23,-6.39,0.818,3,73,0,18,0.4,0.001,0.7
81,67.9,1.199,6.24,-7.65,0.816,3,78,0,18,0.4,0.0,0.3
81,67.9,1.199,6.24,-7.65,0.816,3,78,0,18,0.4,0.0005,0.3
77,67.5,1.206,6.22,-7.67,0.811,3,74,0,18,0.2,0.0005,0.2
77,67.5,1.206,6.22,-7.67,0.811,3,74,0,18,0.2,0.0,0.2
83,67.5,1.171,5.49,-6.83,0.804,3,80,0,15,0.25,0.001,0.3
67,65.7,1.142,3.89,-4.85,0.802,2,65,0,20,0.25,0.001,0.5
106,67.0,1.115,4.67,-5.87,0.796,3,103,0,8,0.4,0.001,0.2
100,67.0,1.124,4.83,-6.1,0.792,3,97,0,10,0.25,0.001,0.2
103,67.0,1.115,4.54,-5.88,0.773,3,100,0,8,0.4,0.001,0.3
97,67.0,1.124,4.66,-6.11,0.763,3,94,0,10,0.25,0.001,0.3
68,66.2,1.176,4.8,-6.51,0.737,3,65,0,18,0.2,0.001,0.7
73,67.1,1.197,5.66,-7.71,0.734,3,70,0,18,0.2,0.0005,0.5
73,67.1,1.197,5.66,-7.71,0.734,3,70,0,18,0.2,0.0,0.5
83,67.5,1.171,5.56,-7.64,0.728,3,80,0,18,0.4,0.0005,0.2
83,67.5,1.171,5.56,-7.64,0.728,3,80,0,18,0.4,0.0,0.2
94,67.0,1.13,4.76,-6.56,0.726,3,91,0,12,0.2,0.001,0.2
69,66.7,1.16,4.41,-6.12,0.72,2,67,0,20,0.25,0.0,0.3
69,66.7,1.16,4.41,-6.12,0.72,2,67,0,20,0.25,0.0005,0.3
96,66.7,1.119,4.47,-6.25,0.716,3,93,0,8,0.25,0.001,0.5
96,66.7,1.117,4.37,-6.24,0.701,3,93,0,10,0.2,0.001,0.3
94,67.0,1.125,4.57,-6.54,0.698,3,91,0,12,0.25,0.001,0.3
66,65.2,1.125,3.4,-4.88,0.696,2,64,0,20,0.2,0.001,0.5
69,68.1,1.218,5.86,-8.43,0.695,3,66,0,18,0.15,0.0,0.3
69,68.1,1.218,5.86,-8.43,0.695,3,66,0,18,0.15,0.0005,0.3
63,65.1,1.168,4.43,-6.45,0.686,3,60,0,18,0.2,0.001,1.0
71,66.2,1.183,5.25,-7.68,0.684,3,68,0,18,0.25,0.0,0.7
71,66.2,1.183,5.25,-7.68,0.684,3,68,0,18,0.25,0.0005,0.7
53,66.0,1.187,4.07,-6.11,0.666,3,50,0,18,0.1,0.001,1.0
64,64.1,1.118,3.21,-4.99,0.643,2,62,0,20,0.25,0.001,0.7
71,66.2,1.135,3.89,-6.11,0.637,2,69,0,20,0.25,0.0005,0.2
71,66.2,1.135,3.89,-6.11,0.637,2,69,0,20,0.25,0.0,0.2
66,65.2,1.176,4.88,-7.7,0.633,3,63,0,18,0.25,0.0005,1.0
66,65.2,1.176,4.88,-7.7,0.633,3,63,0,18,0.25,0.0,1.0
78,66.7,1.153,4.8,-7.68,0.626,3,75,0,18,0.3,0.0,0.5
78,66.7,1.153,4.8,-7.68,0.626,3,75,0,18,0.3,0.0005,0.5
98,66.3,1.098,3.76,-6.23,0.604,3,95,0,10,0.2,0.001,0.2
76,65.8,1.148,4.51,-7.51,0.601,3,73,0,15,0.25,0.001,0.7
75,65.3,1.145,4.5,-7.68,0.586,3,72,0,18,0.3,0.0005,0.7
75,65.3,1.145,4.5,-7.68,0.586,3,72,0,18,0.3,0.0,0.7
72,66.7,1.153,4.4,-7.54,0.583,3,69,0,18,0.15,0.001,0.2
89,66.3,1.111,3.94,-6.81,0.579,3,86,0,15,0.3,0.001,0.2
80,66.2,1.136,4.34,-7.51,0.578,3,77,0,15,0.25,0.001,0.5
63,66.7,1.166,4.18,-7.27,0.575,3,60,0,18,0.15,0.001,0.7
86,66.3,1.112,3.85,-6.83,0.564,3,83,0,15,0.3,0.001,0.3
95,66.3,1.105,3.89,-6.95,0.56,3,92,0,8,0.2,0.001,0.5
69,63.8,1.12,3.55,-6.41,0.554,3,66,0,18,0.3,0.001,1.0
67,67.2,1.174,4.63,-8.46,0.547,3,64,0,18,0.15,0.0005,0.5
67,67.2,1.174,4.63,-8.46,0.547,3,64,0,18,0.15,0.0,0.5
98,66.3,1.091,3.54,-6.53,0.542,3,95,0,12,0.25,0.001,0.2
69,65.2,1.115,3.27,-6.16,0.532,2,67,0,20,0.2,0.0,0.3
80,66.2,1.127,4.09,-7.68,0.532,3,77,0,18,0.4,0.0,0.5
69,65.2,1.115,3.27,-6.16,0.532,2,67,0,20,0.2,0.0005,0.3
80,66.2,1.127,4.09,-7.68,0.532,3,77,0,18,0.4,0.0005,0.5
58,65.5,1.158,3.81,-7.21,0.528,3,55,0,18,0.15,0.001,1.0
103,66.0,1.078,3.2,-6.1,0.524,3,100,0,10,0.3,0.001,0.2
68,63.2,1.084,2.47,-4.85,0.51,2,66,0,20,0.3,0.001,0.7
80,65.0,1.115,3.76,-7.51,0.501,3,77,0,15,0.3,0.001,0.7
100,66.0,1.076,3.03,-6.11,0.496,3,97,0,10,0.3,0.001,0.3
71,63.4,1.104,3.17,-6.41,0.494,3,68,0,18,0.4,0.001,1.0
77,64.9,1.119,3.78,-7.68,0.493,3,74,0,18,0.4,0.0,0.7
77,64.9,1.119,3.78,-7.68,0.493,3,74,0,18,0.4,0.0005,0.7
82,65.9,1.103,3.37,-6.86,0.492,3,79,0,15,0.2,0.001,0.3
95,66.3,1.093,3.45,-7.45,0.463,3,92,0,8,0.15,0.001,0.3
91,65.9,1.086,3.14,-6.81,0.462,3,88,0,15,0.4,0.001,0.2
102,66.7,1.087,3.52,-7.71,0.457,3,99,0,8,0.25,0.0005,0.2
102,66.7,1.087,3.52,-7.71,0.457,3,99,0,8,0.25,0.0,0.2
72,65.3,1.094,2.78,-6.12,0.455,2,70,0,20,0.3,0.0005,0.3
72,65.3,1.094,2.78,-6.12,0.455,2,70,0,20,0.3,0.0,0.3
71,64.8,1.093,2.76,-6.14,0.45,2,69,0,20,0.2,0.0005,0.2
71,64.8,1.093,2.76,-6.14,0.45,2,69,0,20,0.2,0.0,0.2
97,66.0,1.076,2.94,-6.54,0.449,3,94,0,12,0.3,0.001,0.3
60,63.3,1.111,2.88,-6.41,0.449,2,58,0,20,0.25,0.001,1.0
88,65.9,1.087,3.05,-6.83,0.446,3,85,0,15,0.4,0.001,0.3
99,66.7,1.087,3.39,-7.72,0.44,3,96,0,8,0.25,0.0,0.3
99,66.7,1.087,3.39,-7.72,0.44,3,96,0,8,0.25,0.0005,0.3
69,65.2,1.118,3.36,-7.8,0.431,3,66,0,18,0.2,0.0005,0.7
69,65.2,1.118,3.36,-7.8,0.431,3,66,0,18,0.2,0.0,0.7
59,66.1,1.146,3.51,-8.3,0.422,3,56,0,18,0.1,0.001,0.7
92,65.2,1.079,2.9,-6.99,0.415,3,89,0,8,0.25,0.001,0.7
82,64.6,1.091,3.05,-7.51,0.407,3,79,0,15,0.4,0.001,0.7
88,65.9,1.089,3.11,-7.66,0.406,3,85,0,12,0.2,0.001,0.5
60,65.0,1.092,2.29,-5.65,0.405,2,58,0,20,0.15,0.001,0.5
97,66.0,1.078,3.04,-7.54,0.403,3,94,0,8,0.25,0.0005,0.5
97,66.0,1.078,3.04,-7.54,0.403,3,94,0,8,0.25,0.0,0.5
65,66.2,1.124,3.24,-8.03,0.403,3,62,0,18,0.1,0.001,0.3
63,63.5,1.074,1.99,-4.97,0.401,2,61,0,20,0.2,0.001,0.7
68,64.7,1.086,2.46,-6.15,0.399,2,66,0,20,0.25,0.0005,0.5
99,65.7,1.063,2.49,-6.25,0.399,3,96,0,8,0.3,0.001,0.5
68,64.7,1.086,2.46,-6.15,0.399,2,66,0,20,0.25,0.0,0.5
84,65.5,1.08,2.72,-6.84,0.397,3,81,0,15,0.2,0.001,0.2
70,64.3,1.065,1.91,-4.85,0.395,2,68,0,20,0.3,0.001,0.5
64,64.1,1.108,2.99,-7.73,0.387,3,61,0,18,0.2,0.0,1.0
64,64.1,1.108,2.99,-7.73,0.387,3,61,0,18,0.2,0.0005,1.0
78,65.4,1.092,2.89,-7.54,0.383,3,75,0,15,0.2,0.001,0.5
89,66.3,1.09,3.17,-8.36,0.379,3,86,0,12,0.15,0.001,0.3
105,65.7,1.055,2.29,-6.1,0.376,3,102,0,10,0.4,0.001,0.2
74,64.9,1.074,2.28,-6.11,0.373,2,72,0,20,0.3,0.0005,0.2
74,64.9,1.074,2.28,-6.11,0.373,2,72,0,20,0.3,0.0,0.2
73,65.8,1.103,3.03,-8.31,0.365,3,70,0,15,0.15,0.001,0.5
93,65.6,1.068,2.52,-6.95,0.363,3,90,0,10,0.2,0.001,0.5
54,64.8,1.115,2.64,-7.4,0.357,3,51,0,18,0.1,0.0,1.0
54,64.8,1.115,2.64,-7.4,0.357,3,51,0,18,0.1,0.0005,1.0
77,64.9,1.097,3.08,-8.78,0.35,3,74,0,15,0.25,0.0005,0.7
77,64.9,1.097,3.08,-8.78,0.35,3,74,0,15,0.25,0.0,0.7
102,65.7,1.053,2.13,-6.11,0.348,3,99,0,10,0.4,0.001,0.3
70,65.7,1.101,2.86,-8.39,0.341,3,67,0,15,0.15,0.001,0.7
65,64.6,1.078,2.12,-6.23,0.341,2,63,0,20,0.15,0.001,0.2
81,65.4,1.088,2.91,-8.78,0.331,3,78,0,15,0.25,0.0005,0.5
81,65.4,1.088,2.91,-8.78,0.331,3,78,0,15,0.25,0.0,0.5
96,65.6,1.064,2.47,-7.57,0.326,3,93,0,8,0.2,0.0,0.5
96,65.6,1.064,2.47,-7.57,0.326,3,93,0,8,0.2,0.0005,0.5
74,64.9,1.065,1.99,-6.12,0.325,2,72,0,20,0.4,0.0005,0.3
74,64.9,1.065,1.99,-6.12,0.325,2,72,0,20,0.4,0.0,0.3
64,65.6,1.104,2.75,-8.55,0.322,3,61,0,18,0.15,0.0,0.7
64,65.6,1.104,2.75,-8.55,0.322,3,61,0,18,0.15,0.0005,0.7
70,62.9,1.059,1.77,-5.53,0.32,2,68,0,20,0.4,0.001,0.7
95,65.3,1.056,2.17,-6.8,0.32,3,92,0,10,0.25,0.001,0.5
67,64.2,1.07,1.98,-6.19,0.319,2,65,0,20,0.2,0.0005,0.5
67,64.2,1.07,1.98,-6.19,0.319,2,65,0,20,0.2,0.0,0.5
53,64.2,1.1,2.29,-7.21,0.318,2,51,0,20,0.15,0.001,1.0
83,65.1,1.07,2.36,-7.51,0.315,3,80,0,15,0.3,0.001,0.5
63,65.1,1.083,2.17,-6.92,0.314,2,61,0,20,0.15,0.0,0.3
63,65.1,1.083,2.17,-6.92,0.314,2,61,0,20,0.15,0.0005,0.3
99,65.7,1.052,2.04,-6.54,0.311,3,96,0,12,0.4,0.001,0.3
64,65.6,1.1,2.6,-8.38,0.31,3,61,0,15,0.1,0.001,0.7
72,63.9,1.087,2.68,-8.66,0.309,3,69,0,15,0.25,0.001,1.0
74,64.9,1.077,2.32,-7.63,0.304,3,71,0,15,0.2,0.001,0.7
96,65.6,1.061,2.33,-7.75,0.301,3,93,0,8,0.15,0.001,0.2
78,65.4,1.072,2.28,-7.63,0.299,3,75,0,15,0.15,0.001,0.3
96,64.6,1.056,2.16,-7.24,0.298,3,93,0,8,0.3,0.001,0.7
101,65.3,1.047,1.93,-6.53,0.295,3,98,0,12,0.3,0.001,0.2
65,63.1,1.063,1.79,-6.3,0.284,2,63,0,20,0.25,0.0,0.7
65,63.1,1.063,1.79,-6.3,0.284,2,63,0,20,0.25,0.0005,0.7
99,65.7,1.055,2.18,-7.75,0.282,3,96,0,8,0.2,0.0,0.3
99,65.7,1.055,2.18,-7.75,0.282,3,96,0,8,0.2,0.0005,0.3
59,64.4,1.094,2.38,-8.48,0.281,3,56,0,18,0.15,0.0,1.0
59,64.4,1.094,2.38,-8.48,0.281,3,56,0,18,0.15,0.0005,1.0
59,62.7,1.069,1.79,-6.45,0.278,2,57,0,20,0.2,0.001,1.0
70,62.9,1.069,2.13,-7.7,0.277,3,67,0,18,0.3,0.0005,1.0
70,62.9,1.069,2.13,-7.7,0.277,3,67,0,18,0.3,0.0,1.0
101,65.3,1.045,1.79,-6.6,0.271,3,98,0,8,0.4,0.001,0.5
53,66.0,1.057,1.22,-4.56,0.268,1,52,0,25,0.25,0.001,0.3
81,64.2,1.069,2.34,-8.78,0.266,3,78,0,15,0.3,0.0,0.7
81,64.2,1.069,2.34,-8.78,0.266,3,78,0,15,0.3,0.0005,0.7
93,65.6,1.056,2.08,-8.0,0.26,3,90,0,10,0.15,0.001,0.3
72,63.9,1.04,1.22,-4.85,0.251,2,70,0,20,0.4,0.001,0.5
105,65.7,1.045,1.91,-7.71,0.248,3,102,0,8,0.3,0.0005,0.2
105,65.7,1.045,1.91,-7.71,0.248,3,102,0,8,0.3,0.0,0.2
90,65.6,1.056,2.05,-8.31,0.246,3,87,0,12,0.15,0.001,0.2
47,63.8,1.073,1.49,-6.11,0.244,2,45,0,20,0.1,0.001,1.0
76,64.5,1.047,1.49,-6.11,0.244,2,74,0,20,0.4,0.0,0.2
76,64.5,1.047,1.49,-6.11,0.244,2,74,0,20,0.4,0.0005,0.2
59,64.4,1.071,1.78,-7.34,0.242,3,56,0,15,0.1,0.001,1.0
72,65.3,1.075,2.23,-9.46,0.236,3,69,0,18,0.15,0.0005,0.2
72,65.3,1.075,2.23,-9.46,0.236,3,69,0,18,0.15,0.0,0.2
58,63.8,1.054,1.34,-5.74,0.233,2,56,0,20,0.15,0.001,0.7
102,65.7,1.043,1.78,-7.72,0.231,3,99,0,8,0.3,0.0005,0.3
102,65.7,1.043,1.78,-7.72,0.231,3,99,0,8,0.3,0.0,0.3
72,62.5,1.055,1.75,-7.7,0.227,3,69,0,18,0.4,0.0,1.0
72,62.5,1.055,1.75,-7.7,0.227,3,69,0,18,0.4,0.0005,1.0
85,64.7,1.048,1.66,-7.51,0.221,3,82,0,15,0.4,0.001,0.5
91,64.8,1.044,1.64,-7.63,0.216,3,88,0,12,0.25,0.001,0.5
87,65.5,1.056,2.01,-9.4,0.214,3,84,0,15,0.25,0.0005,0.2
87,65.5,1.056,2.01,-9.4,0.214,3,84,0,15,0.25,0.0,0.2
93,65.6,1.049,1.85,-8.72,0.212,3,90,0,12,0.2,0.0005,0.3
93,65.6,1.049,1.85,-8.72,0.212,3,90,0,12,0.2,0.0,0.3
91,64.8,1.044,1.6,-7.61,0.21,3,88,0,8,0.2,0.001,0.7
74,63.5,1.064,2.06,-9.91,0.208,3,71,0,15,0.25,0.0,1.0
74,63.5,1.064,2.06,-9.91,0.208,3,71,0,15,0.25,0.0005,1.0
84,65.5,1.055,1.92,-9.41,0.204,3,81,0,15,0.25,0.0,0.3
84,65.5,1.055,1.92,-9.41,0.204,3,81,0,15,0.25,0.0005,0.3
101,65.3,1.038,1.56,-7.74,0.201,3,98,0,8,0.2,0.0,0.2
101,65.3,1.038,1.56,-7.74,0.201,3,98,0,8,0.2,0.0005,0.2
92,65.2,1.044,1.63,-8.27,0.197,3,89,0,8,0.15,0.001,0.5
61,62.3,1.054,1.47,-7.7,0.191,2,59,0,20,0.25,0.0,1.0
61,62.3,1.054,1.47,-7.7,0.191,2,59,0,20,0.25,0.0005,1.0
89,65.2,1.047,1.7,-8.93,0.19,3,86,0,12,0.2,0.0005,0.5
89,65.2,1.047,1.7,-8.93,0.19,3,86,0,12,0.2,0.0,0.5
83,63.9,1.047,1.64,-8.78,0.187,3,80,0,15,0.4,0.0,0.7
83,63.9,1.047,1.64,-8.78,0.187,3,80,0,15,0.4,0.0005,0.7
98,64.3,1.037,1.46,-8.04,0.182,3,95,0,8,0.4,0.001,0.7
93,64.5,1.039,1.48,-8.27,0.18,3,90,0,8,0.25,0.0005,0.7
93,64.5,1.039,1.48,-8.27,0.18,3,90,0,8,0.25,0.0,0.7
60,65.0,1.067,1.68,-9.56,0.176,3,57,0,18,0.1,0.0,0.7
60,65.0,1.067,1.68,-9.56,0.176,3,57,0,18,0.1,0.0005,0.7
69,62.3,1.035,1.06,-6.15,0.173,2,67,0,20,0.3,0.0,0.7
69,62.3,1.035,1.06,-6.15,0.173,2,67,0,20,0.3,0.0005,0.7
74,64.9,1.053,1.61,-9.57,0.169,3,71,0,15,0.15,0.0005,0.5
74,64.9,1.053,1.61,-9.57,0.169,3,71,0,15,0.15,0.0,0.5
79,64.6,1.045,1.47,-8.81,0.167,3,76,0,15,0.2,0.0005,0.5
79,64.6,1.045,1.47,-8.81,0.167,3,76,0,15,0.2,0.0,0.5
88,63.6,1.033,1.23,-7.41,0.166,3,85,0,8,0.25,0.001,1.0
103,65.0,1.025,1.03,-6.53,0.158,3,100,0,12,0.4,0.001,0.2
59,64.4,1.043,1.05,-6.72,0.156,2,57,0,20,0.1,0.001,0.3
101,65.3,1.031,1.27,-8.25,0.154,3,98,0,10,0.25,0.0005,0.2
101,65.3,1.031,1.27,-8.25,0.154,3,98,0,10,0.25,0.0,0.2
71,64.8,1.049,1.45,-9.65,0.15,3,68,0,15,0.15,0.0,0.7
71,64.8,1.049,1.45,-9.65,0.15,3,68,0,15,0.15,0.0005,0.7
62,64.5,1.049,1.28,-8.71,0.147,3,59,0,18,0.1,0.001,0.5
107,65.4,1.026,1.12,-7.71,0.146,3,104,0,8,0.4,0.0,0.2
107,65.4,1.026,1.12,-7.71,0.146,3,104,0,8,0.4,0.0005,0.2
100,65.0,1.027,1.08,-7.54,0.144,3,97,0,8,0.3,0.0005,0.5
100,65.0,1.027,1.08,-7.54,0.144,3,97,0,8,0.3,0.0,0.5
95,65.3,1.031,1.21,-8.7,0.139,3,92,0,12,0.2,0.0,0.2
95,65.3,1.031,1.21,-8.7,0.139,3,92,0,12,0.2,0.0005,0.2
65,64.6,1.049,1.33,-9.64,0.138,3,62,0,15,0.1,0.0005,0.7
75,62.7,1.036,1.2,-8.66,0.138,3,72,0,15,0.3,0.001,1.0
65,64.6,1.049,1.33,-9.64,0.138,3,62,0,15,0.1,0.0,0.7
94,64.9,1.029,1.11,-8.11,0.137,3,91,0,10,0.2,0.0,0.5
94,64.9,1.029,1.11,-8.11,0.137,3,91,0,10,0.2,0.0005,0.5
61,63.9,1.044,1.17,-8.61,0.136,3,58,0,15,0.1,0.0,1.0
61,63.9,1.044,1.17,-8.61,0.136,3,58,0,15,0.1,0.0005,1.0
98,65.3,1.028,1.12,-8.26,0.135,3,95,0,10,0.25,0.0005,0.3
98,65.3,1.028,1.12,-8.26,0.135,3,95,0,10,0.25,0.0,0.3
104,65.4,1.024,1.0,-7.72,0.13,3,101,0,8,0.4,0.0,0.3
104,65.4,1.024,1.0,-7.72,0.13,3,101,0,8,0.4,0.0005,0.3
61,63.9,1.034,0.89,-6.95,0.127,2,59,0,20,0.15,0.0,0.5
61,63.9,1.034,0.89,-6.95,0.127,2,59,0,20,0.15,0.0005,0.5
94,64.9,1.027,1.01,-8.3,0.122,3,91,0,10,0.15,0.001,0.2
66,63.6,1.04,1.14,-9.45,0.121,3,63,0,15,0.15,0.001,1.0
95,65.3,1.026,1.03,-8.68,0.118,3,92,0,12,0.25,0.0005,0.3
95,65.3,1.026,1.03,-8.68,0.118,3,92,0,12,0.25,0.0,0.3
84,64.3,1.027,0.96,-8.78,0.109,3,81,0,15,0.3,0.0005,0.5
84,64.3,1.027,0.96,-8.78,0.109,3,81,0,15,0.3,0.0,0.5
54,63.0,1.037,0.89,-8.48,0.105,2,52,0,20,0.15,0.0005,1.0
54,63.0,1.037,0.89,-8.48,0.105,2,52,0,20,0.15,0.0,1.0
84,64.3,1.025,0.86,-8.29,0.104,3,81,0,12,0.2,0.001,0.7
75,64.0,1.029,0.92,-8.9,0.103,3,72,0,15,0.2,0.0,0.7
75,64.0,1.029,0.92,-8.9,0.103,3,72,0,15,0.2,0.0005,0.7
97,64.9,1.021,0.83,-8.3,0.101,3,94,0,10,0.2,0.0,0.3
97,64.9,1.021,0.83,-8.3,0.101,3,94,0,10,0.2,0.0005,0.3
85,64.7,1.026,0.92,-9.42,0.098,3,82,0,12,0.15,0.001,0.5
97,63.9,1.019,0.76,-7.85,0.096,3,94,0,8,0.3,0.0,0.7
97,63.9,1.019,0.76,-7.85,0.096,3,94,0,8,0.3,0.0005,0.7
77,62.3,1.024,0.82,-8.66,0.095,3,74,0,15,0.4,0.001,1.0
96,64.6,1.019,0.77,-8.08,0.095,3,93,0,10,0.25,0.0005,0.5
96,64.6,1.019,0.77,-8.08,0.095,3,93,0,10,0.25,0.0,0.5
64,62.5,1.021,0.59,-6.27,0.094,2,62,0,20,0.2,0.0,0.7
64,62.5,1.021,0.59,-6.27,0.094,2,62,0,20,0.2,0.0005,0.7
91,63.7,1.018,0.66,-7.54,0.088,3,88,0,10,0.25,0.001,0.7
58,65.5,1.018,0.43,-4.97,0.087,1,57,0,25,0.4,0.001,0.3
71,63.4,1.017,0.51,-6.15,0.084,2,69,0,20,0.3,0.0,0.5
71,63.4,1.017,0.51,-6.15,0.084,2,69,0,20,0.3,0.0005,0.5
90,63.3,1.016,0.63,-8.69,0.072,3,87,0,8,0.25,0.0005,1.0
90,63.3,1.016,0.63,-8.69,0.072,3,87,0,8,0.25,0.0,1.0
65,64.6,1.026,0.7,-9.93,0.071,3,62,0,18,0.1,0.0,0.3
65,64.6,1.026,0.7,-9.93,0.071,3,62,0,18,0.1,0.0005,0.3
70,62.9,1.02,0.61,-8.69,0.07,3,67,0,15,0.2,0.001,1.0
71,62.0,1.012,0.37,-6.29,0.059,2,69,0,20,0.4,0.0005,0.7
77,62.3,1.017,0.59,-9.91,0.059,3,74,0,15,0.3,0.0005,1.0
77,62.3,1.017,0.59,-9.91,0.059,3,74,0,15,0.3,0.0,1.0
71,62.0,1.012,0.37,-6.29,0.059,2,69,0,20,0.4,0.0,0.7
102,64.7,1.009,0.39,-7.54,0.052,3,99,0,8,0.4,0.0,0.5
102,64.7,1.009,0.39,-7.54,0.052,3,99,0,8,0.4,0.0005,0.5
60,61.7,1.014,0.39,-7.73,0.051,2,58,0,20,0.2,0.0005,1.0
60,61.7,1.014,0.39,-7.73,0.051,2,58,0,20,0.2,0.0,1.0
68,63.2,1.018,0.53,-10.69,0.05,3,65,0,15,0.15,0.0,1.0
68,63.2,1.018,0.53,-10.69,0.05,3,65,0,15,0.15,0.0005,1.0
90,64.4,1.011,0.42,-9.89,0.042,3,87,0,15,0.3,0.0,0.2
90,64.4,1.011,0.42,-9.89,0.042,3,87,0,15,0.3,0.0005,0.2
89,64.0,1.008,0.29,-8.16,0.035,3,86,0,10,0.2,0.001,0.7
98,64.3,1.006,0.23,-6.8,0.035,3,95,0,10,0.3,0.001,0.5
87,64.4,1.009,0.33,-9.91,0.033,3,84,0,15,0.3,0.0005,0.3
87,64.4,1.009,0.33,-9.91,0.033,3,84,0,15,0.3,0.0,0.3
90,64.4,1.008,0.29,-8.84,0.032,3,87,0,10,0.15,0.001,0.5
86,64.0,1.007,0.27,-8.78,0.03,3,83,0,15,0.4,0.0,0.5
86,64.0,1.007,0.27,-8.78,0.03,3,83,0,15,0.4,0.0005,0.5
99,64.6,1.006,0.24,-8.28,0.029,3,96,0,10,0.2,0.0005,0.2
57,64.9,1.006,0.15,-4.97,0.029,1,56,0,25,0.3,0.001,0.3
64,60.9,1.007,0.19,-6.41,0.029,2,62,0,20,0.3,0.001,1.0
99,64.6,1.006,0.24,-8.28,0.029,3,96,0,10,0.2,0.0,0.2
92,64.1,1.006,0.25,-8.89,0.028,3,89,0,12,0.25,0.0,0.5
92,64.1,1.006,0.25,-8.89,0.028,3,89,0,12,0.25,0.0005,0.5
93,64.5,1.006,0.23,-9.53,0.024,3,90,0,8,0.15,0.0005,0.5
93,64.5,1.006,0.23,-9.53,0.024,3,90,0,8,0.15,0.0,0.5
92,64.1,1.005,0.2,-8.88,0.023,3,89,0,8,0.2,0.0,0.7
92,64.1,1.005,0.2,-8.88,0.023,3,89,0,8,0.2,0.0005,0.7
79,62.0,1.006,0.21,-9.91,0.022,3,76,0,15,0.4,0.0005,1.0
79,62.0,1.006,0.21,-9.91,0.022,3,76,0,15,0.4,0.0,1.0
87,63.2,1.004,0.14,-8.36,0.017,3,84,0,12,0.25,0.001,0.7
86,62.8,1.004,0.13,-7.96,0.016,3,83,0,10,0.25,0.001,1.0
48,62.5,1.004,0.1,-7.4,0.013,2,46,0,20,0.1,0.0005,1.0
48,62.5,1.004,0.1,-7.4,0.013,2,46,0,20,0.1,0.0,1.0
53,64.2,1.002,0.05,-4.59,0.011,1,52,0,25,0.2,0.001,0.3
99,63.6,1.002,0.07,-9.14,0.007,3,96,0,8,0.4,0.0,0.7
99,63.6,1.002,0.07,-9.14,0.007,3,96,0,8,0.4,0.0005,0.7
87,63.2,1.001,0.03,-7.46,0.004,3,84,0,8,0.2,0.001,1.0
99,64.6,1.001,0.03,-8.67,0.003,3,96,0,12,0.25,0.0,0.2
99,64.6,1.001,0.03,-8.67,0.003,3,96,0,12,0.25,0.0005,0.2
65,63.1,1.0,0.01,-7.96,0.001,2,63,0,20,0.15,0.0005,0.2
65,63.1,1.0,0.01,-7.96,0.001,2,63,0,20,0.15,0.0,0.2
72,62.5,1.0,0.0,-9.95,0.0,3,69,0,15,0.2,0.0005,1.0
72,62.5,1.0,0.0,-9.95,0.0,3,69,0,15,0.2,0.0,1.0
80,63.7,0.999,-0.02,-9.11,-0.002,3,77,0,15,0.15,0.001,0.2
96,64.6,0.999,-0.06,-9.57,-0.006,3,93,0,8,0.15,0.0005,0.3
96,64.6,0.999,-0.06,-9.57,-0.006,3,93,0,8,0.15,0.0,0.3
95,63.2,0.999,-0.06,-7.24,-0.008,3,92,0,10,0.3,0.001,0.7
59,62.7,0.998,-0.05,-7.04,-0.008,2,57,0,20,0.15,0.0,0.7
59,62.7,0.998,-0.05,-7.04,-0.008,2,57,0,20,0.15,0.0005,0.7
83,63.9,0.996,-0.13,-9.44,-0.014,3,80,0,15,0.2,0.0005,0.3
83,63.9,0.996,-0.13,-9.44,-0.014,3,80,0,15,0.2,0.0,0.3
84,63.1,0.995,-0.17,-8.0,-0.021,3,81,0,10,0.2,0.001,1.0
89,64.0,0.994,-0.23,-9.44,-0.025,3,86,0,8,0.15,0.001,0.7
66,60.6,0.994,-0.18,-6.98,-0.026,2,64,0,20,0.4,0.001,1.0
73,63.0,0.995,-0.17,-6.15,-0.028,2,71,0,20,0.4,0.0,0.5
73,63.0,0.995,-0.17,-6.15,-0.028,2,71,0,20,0.4,0.0005,0.5
90,64.4,0.991,-0.32,-10.46,-0.031,3,87,0,12,0.15,0.0005,0.3
91,62.6,0.994,-0.23,-7.41,-0.031,3,88,0,8,0.3,0.001,1.0
90,64.4,0.991,-0.32,-10.46,-0.031,3,87,0,12,0.15,0.0,0.3
92,64.1,0.991,-0.36,-9.89,-0.036,3,89,0,15,0.4,0.0,0.2
92,64.1,0.991,-0.36,-9.89,-0.036,3,89,0,15,0.4,0.0005,0.2
104,64.4,0.993,-0.3,-8.25,-0.037,3,101,0,10,0.3,0.0005,0.2
94,63.8,0.993,-0.28,-7.63,-0.037,3,91,0,12,0.3,0.001,0.5
104,64.4,0.993,-0.3,-8.25,-0.037,3,101,0,10,0.3,0.0,0.2
86,64.0,0.987,-0.46,-10.67,-0.043,3,83,0,12,0.15,0.0005,0.5
86,64.0,0.987,-0.46,-10.67,-0.043,3,83,0,12,0.15,0.0,0.5
89,64.0,0.988,-0.44,-9.91,-0.045,3,86,0,15,0.4,0.0005,0.3
89,64.0,0.988,-0.44,-9.91,-0.045,3,86,0,15,0.4,0.0,0.3
68,63.2,0.986,-0.4,-9.06,-0.045,3,65,0,18,0.1,0.001,0.2
88,62.5,0.988,-0.47,-9.23,-0.051,3,85,0,10,0.25,0.0,1.0
88,62.5,0.988,-0.47,-9.23,-0.051,3,85,0,10,0.25,0.0005,1.0
53,62.3,0.985,-0.34,-6.79,-0.051,2,51,0,20,0.1,0.001,0.7
63,63.5,0.981,-0.51,-9.96,-0.051,3,60,0,18,0.1,0.0005,0.5
63,63.5,0.981,-0.51,-9.96,-0.051,3,60,0,18,0.1,0.0,0.5
101,64.4,0.989,-0.46,-8.26,-0.055,3,98,0,10,0.3,0.0005,0.3
101,64.4,0.989,-0.46,-8.26,-0.055,3,98,0,10,0.3,0.0,0.3
85,63.5,0.985,-0.52,-9.55,-0.055,3,82,0,12,0.2,0.0005,0.7
85,63.5,0.985,-0.52,-9.55,-0.055,3,82,0,12,0.2,0.0,0.7
98,64.3,0.987,-0.55,-9.25,-0.059,3,95,0,12,0.3,0.0,0.3
98,64.3,0.987,-0.55,-9.25,-0.059,3,95,0,12,0.3,0.0005,0.3
47,63.8,0.983,-0.35,-5.37,-0.065,1,46,0,25,0.15,0.001,0.3
89,62.9,0.985,-0.57,-8.72,-0.065,3,86,0,8,0.2,0.0,1.0
89,62.9,0.985,-0.57,-8.72,-0.065,3,86,0,8,0.2,0.0005,1.0
82,62.2,0.982,-0.64,-8.78,-0.073,3,79,0,12,0.25,0.001,1.0
91,62.6,0.985,-0.58,-7.94,-0.073,3,88,0,12,0.3,0.001,0.7
93,62.4,0.985,-0.6,-8.27,-0.073,3,90,0,8,0.4,0.001,1.0
85,63.5,0.979,-0.77,-9.43,-0.081,3,82,0,15,0.2,0.0,0.2
85,63.5,0.979,-0.77,-9.43,-0.081,3,82,0,15,0.2,0.0005,0.2
92,63.0,0.981,-0.72,-8.81,-0.082,3,89,0,10,0.25,0.0005,0.7
92,63.0,0.981,-0.72,-8.81,-0.082,3,89,0,10,0.25,0.0,0.7
100,64.0,0.986,-0.56,-6.8,-0.082,3,97,0,10,0.4,0.001,0.5
80,62.5,0.979,-0.73,-8.81,-0.083,3,77,0,12,0.2,0.001,1.0
86,62.8,0.979,-0.76,-9.26,-0.083,3,83,0,10,0.2,0.0,1.0
86,62.8,0.979,-0.76,-9.26,-0.083,3,83,0,10,0.2,0.0005,1.0
82,63.4,0.974,-0.89,-10.05,-0.089,3,79,0,12,0.15,0.001,0.7
39,61.5,0.969,-0.54,-5.74,-0.095,1,38,0,25,0.25,0.001,1.0
93,62.4,0.979,-0.83,-8.69,-0.096,3,90,0,8,0.3,0.0005,1.0
93,62.4,0.979,-0.83,-8.69,-0.096,3,90,0,8,0.3,0.0,1.0
97,62.9,0.979,-0.85,-8.42,-0.101,3,94,0,10,0.4,0.001,0.7
91,63.7,0.971,-1.09,-10.09,-0.108,3,88,0,10,0.15,0.0,0.5
91,63.7,0.971,-1.09,-10.09,-0.108,3,88,0,10,0.15,0.0005,0.5
97,63.9,0.972,-1.14,-9.87,-0.115,3,94,0,8,0.15,0.0,0.2
97,63.9,0.972,-1.14,-9.87,-0.115,3,94,0,8,0.15,0.0005,0.2
90,63.3,0.971,-1.09,-9.42,-0.116,3,87,0,10,0.2,0.0005,0.7
90,63.3,0.971,-1.09,-9.42,-0.116,3,87,0,10,0.2,0.0,0.7
79,63.3,0.965,-1.18,-10.2,-0.116,3,76,0,15,0.15,0.0005,0.3
79,63.3,0.965,-1.18,-10.2,-0.116,3,76,0,15,0.15,0.0,0.3
83,63.9,0.969,-1.07,-8.85,-0.121,3,80,0,12,0.1,0.001,0.3
45,62.2,0.967,-0.66,-5.32,-0.123,1,44,0,25,0.25,0.001,0.7
59,62.7,0.96,-1.04,-8.44,-0.123,2,57,0,20,0.1,0.0,0.3
84,61.9,0.967,-1.23,-10.03,-0.123,3,81,0,12,0.25,0.0,1.0
84,61.9,0.967,-1.23,-10.03,-0.123,3,81,0,12,0.25,0.0005,1.0
59,62.7,0.96,-1.04,-8.44,-0.123,2,57,0,20,0.1,0.0005,0.3
88,62.5,0.967,-1.24,-9.62,-0.129,3,85,0,12,0.25,0.0005,0.7
88,62.5,0.967,-1.24,-9.62,-0.129,3,85,0,12,0.25,0.0,0.7
82,62.2,0.963,-1.33,-10.06,-0.132,3,79,0,12,0.2,0.0005,1.0
82,62.2,0.963,-1.33,-10.06,-0.132,3,79,0,12,0.2,0.0,1.0
53,64.2,0.962,-0.87,-6.53,-0.133,1,52,0,25,0.25,0.0,0.3
53,64.2,0.962,-0.87,-6.53,-0.133,1,52,0,25,0.25,0.0005,0.3
95,62.1,0.971,-1.2,-8.82,-0.136,3,92,0,8,0.4,0.0005,1.0
94,63.8,0.965,-1.38,-10.1,-0.136,3,91,0,10,0.15,0.0005,0.3
91,63.7,0.963,-1.41,-10.42,-0.136,3,88,0,12,0.15,0.0,0.2
91,63.7,0.963,-1.41,-10.42,-0.136,3,88,0,12,0.15,0.0005,0.2
95,62.1,0.971,-1.2,-8.82,-0.136,3,92,0,8,0.4,0.0,1.0
94,63.8,0.965,-1.38,-10.1,-0.136,3,91,0,10,0.15,0.0,0.3
96,63.5,0.973,-1.07,-7.63,-0.141,3,93,0,12,0.4,0.001,0.5
99,63.6,0.973,-1.14,-8.08,-0.141,3,96,0,10,0.3,0.0,0.5
99,63.6,0.973,-1.14,-8.08,-0.141,3,96,0,10,0.3,0.0005,0.5
106,64.2,0.973,-1.18,-8.25,-0.143,3,103,0,10,0.4,0.0005,0.2
106,64.2,0.973,-1.18,-8.25,-0.143,3,103,0,10,0.4,0.0,0.2
67,62.7,0.956,-1.26,-8.78,-0.143,3,64,0,15,0.1,0.001,0.5
93,62.4,0.965,-1.36,-9.23,-0.148,3,90,0,12,0.4,0.001,0.7
90,63.3,0.958,-1.6,-10.68,-0.15,3,87,0,8,0.15,0.0005,0.7
90,63.3,0.958,-1.6,-10.68,-0.15,3,87,0,8,0.15,0.0,0.7
87,63.2,0.958,-1.52,-9.97,-0.152,3,84,0,10,0.15,0.001,0.7
100,64.0,0.966,-1.42,-9.25,-0.153,3,97,0,12,0.4,0.0005,0.3
100,64.0,0.966,-1.42,-9.25,-0.153,3,97,0,12,0.4,0.0,0.3
61,62.3,0.955,-1.19,-7.77,-0.154,2,59,0,20,0.1,0.001,0.2
65,60.0,0.961,-1.19,-7.7,-0.154,2,63,0,20,0.3,0.0,1.0
65,60.0,0.961,-1.19,-7.7,-0.154,2,63,0,20,0.3,0.0005,1.0
103,64.1,0.969,-1.33,-8.26,-0.161,3,100,0,10,0.4,0.0,0.3
103,64.1,0.969,-1.33,-8.26,-0.161,3,100,0,10,0.4,0.0005,0.3
89,61.8,0.966,-1.32,-7.96,-0.166,3,86,0,10,0.3,0.001,1.0
102,63.7,0.965,-1.53,-9.23,-0.166,3,99,0,12,0.3,0.0,0.2
102,63.7,0.965,-1.53,-9.23,-0.166,3,99,0,12,0.3,0.0005,0.2
96,62.5,0.965,-1.43,-8.4,-0.171,3,93,0,10,0.3,0.0005,0.7
96,62.5,0.965,-1.43,-8.4,-0.171,3,93,0,10,0.3,0.0,0.7
26,61.5,0.907,-1.13,-6.5,-0.174,1,25,0,25,0.1,0.001,1.0
50,62.0,0.954,-1.0,-5.75,-0.174,1,49,0,25,0.4,0.001,0.7
83,62.7,0.941,-2.06,-11.21,-0.184,3,80,0,8,0.1,0.001,0.7
95,63.2,0.959,-1.65,-8.89,-0.186,3,92,0,12,0.3,0.0005,0.5
95,63.2,0.959,-1.65,-8.89,-0.186,3,92,0,12,0.3,0.0,0.5
67,59.7,0.95,-1.55,-8.26,-0.188,2,65,0,20,0.4,0.0,1.0
55,63.6,0.96,-0.95,-5.03,-0.188,1,54,0,25,0.25,0.001,0.2
67,59.7,0.95,-1.55,-8.26,-0.188,2,65,0,20,0.4,0.0005,1.0
85,62.4,0.952,-1.77,-9.28,-0.191,3,82,0,8,0.15,0.001,1.0
80,62.5,0.934,-2.26,-11.74,-0.192,3,77,0,10,0.1,0.001,0.7
83,62.7,0.937,-2.26,-11.29,-0.2,3,80,0,12,0.15,0.0005,0.7
83,62.7,0.937,-2.26,-11.29,-0.2,3,80,0,12,0.15,0.0,0.7
82,62.2,0.945,-1.97,-9.82,-0.2,3,79,0,10,0.15,0.001,1.0
91,61.5,0.955,-1.79,-8.81,-0.203,3,88,0,10,0.4,0.001,1.0
91,61.5,0.953,-1.91,-9.23,-0.207,3,88,0,10,0.3,0.0,1.0
91,61.5,0.953,-1.91,-9.23,-0.207,3,88,0,10,0.3,0.0005,1.0
90,63.3,0.949,-1.91,-9.14,-0.209,3,87,0,8,0.1,0.001,0.3
40,62.5,0.923,-1.36,-6.47,-0.21,1,39,0,25,0.1,0.001,0.3
92,62.0,0.951,-1.94,-9.21,-0.211,3,89,0,12,0.3,0.0,0.7
92,62.0,0.951,-1.94,-9.21,-0.211,3,89,0,12,0.3,0.0005,0.7
54,61.1,0.932,-1.71,-8.07,-0.212,2,52,0,20,0.1,0.0,0.7
54,61.1,0.932,-1.71,-8.07,-0.212,2,52,0,20,0.1,0.0005,0.7
87,62.1,0.938,-2.36,-10.52,-0.224,3,84,0,8,0.15,0.0005,1.0
87,62.1,0.938,-2.36,-10.52,-0.224,3,84,0,8,0.15,0.0,1.0
78,61.5,0.932,-2.35,-10.45,-0.225,3,75,0,12,0.15,0.001,1.0
98,62.2,0.947,-2.21,-9.68,-0.228,3,95,0,10,0.4,0.0,0.7
98,62.2,0.947,-2.21,-9.68,-0.228,3,95,0,10,0.4,0.0005,0.7
72,62.5,0.938,-1.93,-8.39,-0.23,3,69,0,15,0.1,0.001,0.3
84,61.9,0.931,-2.55,-11.05,-0.231,3,81,0,10,0.15,0.0005,1.0
84,61.9,0.931,-2.55,-11.05,-0.231,3,81,0,10,0.15,0.0,1.0
95,63.2,0.94,-2.41,-10.4,-0.232,3,92,0,10,0.15,0.0005,0.2
95,63.2,0.94,-2.41,-10.4,-0.232,3,92,0,10,0.15,0.0,0.2
76,61.8,0.918,-2.71,-11.5,-0.236,3,73,0,12,0.1,0.001,0.7
85,61.2,0.945,-2.08,-8.78,-0.236,3,82,0,12,0.3,0.001,1.0
58,63.8,0.934,-1.64,-6.93,-0.237,1,57,0,25,0.4,0.0005,0.3
58,63.8,0.934,-1.64,-6.93,-0.237,1,57,0,25,0.4,0.0,0.3
101,63.4,0.955,-1.92,-8.08,-0.238,3,98,0,10,0.4,0.0005,0.5
49,61.2,0.938,-1.37,-5.75,-0.238,1,48,0,25,0.3,0.001,0.7
101,63.4,0.955,-1.92,-8.08,-0.238,3,98,0,10,0.4,0.0,0.5
68,61.8,0.917,-2.48,-10.04,-0.247,3,65,0,15,0.1,0.0,0.5
68,61.8,0.917,-2.48,-10.04,-0.247,3,65,0,15,0.1,0.0005,0.5
84,63.1,0.936,-2.26,-9.17,-0.247,3,81,0,12,0.1,0.001,0.2
80,61.3,0.919,-2.93,-11.68,-0.251,3,77,0,12,0.15,0.0005,1.0
80,61.3,0.919,-2.93,-11.68,-0.251,3,77,0,12,0.15,0.0,1.0
93,61.3,0.942,-2.38,-9.36,-0.254,3,90,0,10,0.4,0.0,1.0
93,61.3,0.942,-2.38,-9.36,-0.254,3,90,0,10,0.4,0.0005,1.0
88,62.5,0.924,-2.87,-11.21,-0.256,3,85,0,10,0.15,0.0,0.7
88,62.5,0.924,-2.87,-11.21,-0.256,3,85,0,10,0.15,0.0005,0.7
104,63.5,0.946,-2.39,-9.23,-0.259,3,101,0,12,0.4,0.0,0.2
94,61.7,0.933,-2.72,-10.48,-0.259,3,91,0,12,0.4,0.0,0.7
104,63.5,0.946,-2.39,-9.23,-0.259,3,101,0,12,0.4,0.0005,0.2
94,61.7,0.933,-2.72,-10.48,-0.259,3,91,0,12,0.4,0.0005,0.7
68,61.8,0.906,-2.85,-10.94,-0.26,3,65,0,18,0.1,0.0,0.2
68,61.8,0.906,-2.85,-10.94,-0.26,3,65,0,18,0.1,0.0005,0.2
38,60.5,0.916,-1.49,-5.68,-0.262,1,37,0,25,0.2,0.001,1.0
33,60.6,0.89,-1.71,-6.45,-0.265,1,32,0,25,0.15,0.001,1.0
78,61.5,0.921,-2.72,-10.27,-0.265,3,75,0,8,0.1,0.001,1.0
87,60.9,0.932,-2.66,-10.03,-0.265,3,84,0,12,0.3,0.0,1.0
87,60.9,0.932,-2.66,-10.03,-0.265,3,84,0,12,0.3,0.0005,1.0
84,61.9,0.91,-3.28,-12.31,-0.266,3,81,0,8,0.1,0.0,0.7
84,61.9,0.91,-3.28,-12.31,-0.266,3,81,0,8,0.1,0.0005,0.7
75,61.3,0.912,-2.91,-10.8,-0.269,3,72,0,10,0.1,0.001,1.0
81,61.7,0.902,-3.47,-12.83,-0.27,3,78,0,10,0.1,0.0005,0.7
81,61.7,0.902,-3.47,-12.83,-0.27,3,78,0,10,0.1,0.0,0.7
40,60.0,0.899,-1.91,-7.03,-0.272,1,39,0,25,0.25,0.0005,1.0
40,60.0,0.899,-1.91,-7.03,-0.272,1,39,0,25,0.25,0.0,1.0
97,62.9,0.941,-2.43,-8.89,-0.273,3,94,0,12,0.4,0.0,0.5
97,62.9,0.941,-2.43,-8.89,-0.273,3,94,0,12,0.4,0.0005,0.5
33,60.6,0.864,-2.11,-7.63,-0.277,1,32,0,25,0.1,0.001,0.7
83,62.7,0.916,-2.98,-10.73,-0.278,3,80,0,12,0.1,0.0005,0.3
83,62.7,0.916,-2.98,-10.73,-0.278,3,80,0,12,0.1,0.0,0.3
57,63.2,0.923,-1.92,-6.93,-0.278,1,56,0,25,0.3,0.0005,0.3
57,63.2,0.923,-1.92,-6.93,-0.278,1,56,0,25,0.3,0.0,0.3
81,61.7,0.905,-3.41,-11.64,-0.293,3,78,0,15,0.15,0.0005,0.2
81,61.7,0.905,-3.41,-11.64,-0.293,3,78,0,15,0.15,0.0,0.2
39,61.5,0.897,-1.82,-6.04,-0.302,1,38,0,25,0.15,0.001,0.7
46,60.9,0.904,-2.02,-6.62,-0.305,1,45,0,25,0.25,0.0005,0.7
44,61.4,0.919,-1.6,-5.26,-0.305,1,43,0,25,0.2,0.001,0.7
46,60.9,0.904,-2.02,-6.62,-0.305,1,45,0,25,0.25,0.0,0.7
80,61.3,0.907,-3.3,-10.81,-0.305,3,77,0,8,0.1,0.0005,1.0
80,61.3,0.907,-3.3,-10.81,-0.305,3,77,0,8,0.1,0.0,1.0
53,62.3,0.914,-2.02,-6.57,-0.307,1,52,0,25,0.2,0.0005,0.3
53,62.3,0.914,-2.02,-6.57,-0.307,1,52,0,25,0.2,0.0,0.3
77,61.0,0.899,-3.49,-11.33,-0.308,3,74,0,10,0.1,0.0005,1.0
77,61.0,0.899,-3.49,-11.33,-0.308,3,74,0,10,0.1,0.0,1.0
77,61.0,0.886,-3.92,-12.6,-0.311,3,74,0,12,0.1,0.0005,0.7
77,61.0,0.886,-3.92,-12.6,-0.311,3,74,0,12,0.1,0.0,0.7
71,60.6,0.898,-3.29,-10.49,-0.314,3,68,0,12,0.1,0.001,1.0
27,59.3,0.816,-2.49,-7.78,-0.32,1,26,0,25,0.1,0.0,1.0
27,59.3,0.816,-2.49,-7.78,-0.32,1,26,0,25,0.1,0.0005,1.0
60,63.3,0.933,-1.72,-5.34,-0.323,1,59,0,25,0.4,0.001,0.2
47,61.7,0.887,-2.41,-7.33,-0.329,1,46,0,25,0.15,0.0,0.3
47,61.7,0.887,-2.41,-7.33,-0.329,1,46,0,25,0.15,0.0005,0.3
88,62.5,0.914,-3.21,-9.7,-0.331,3,85,0,10,0.1,0.001,0.3
51,60.8,0.898,-2.36,-7.04,-0.335,1,50,0,25,0.4,0.0,0.7
51,60.8,0.898,-2.36,-7.04,-0.335,1,50,0,25,0.4,0.0005,0.7
61,60.7,0.884,-3.24,-9.47,-0.342,2,59,0,20,0.1,0.0005,0.2
61,60.7,0.884,-3.24,-9.47,-0.342,2,59,0,20,0.1,0.0,0.2
90,62.2,0.901,-3.81,-10.9,-0.349,3,87,0,8,0.1,0.0,0.3
90,62.2,0.901,-3.81,-10.9,-0.349,3,87,0,8,0.1,0.0005,0.3
73,60.3,0.885,-3.87,-11.03,-0.351,3,70,0,12,0.1,0.0005,1.0
73,60.3,0.885,-3.87,-11.03,-0.351,3,70,0,12,0.1,0.0,1.0
56,60.7,0.901,-2.53,-7.2,-0.352,2,54,0,20,0.1,0.001,0.5
78,61.5,0.892,-3.69,-10.38,-0.356,3,75,0,12,0.1,0.001,0.5
88,60.2,0.913,-3.46,-9.66,-0.358,3,85,0,12,0.4,0.001,1.0
86,61.6,0.889,-4.1,-11.07,-0.371,3,83,0,8,0.1,0.001,0.5
92,62.0,0.891,-4.25,-11.32,-0.375,3,89,0,8,0.1,0.001,0.2
59,62.7,0.922,-2.0,-5.34,-0.375,1,58,0,25,0.3,0.001,0.2
72,61.1,0.881,-3.82,-10.16,-0.376,3,69,0,15,0.1,0.0,0.3
72,61.1,0.881,-3.82,-10.16,-0.376,3,69,0,15,0.1,0.0005,0.3
84,61.9,0.887,-4.15,-10.93,-0.38,3,81,0,12,0.1,0.0005,0.2
84,61.9,0.887,-4.15,-10.93,-0.38,3,81,0,12,0.1,0.0,0.2
50,60.0,0.883,-2.73,-7.04,-0.387,1,49,0,25,0.3,0.0,0.7
50,60.0,0.883,-2.73,-7.04,-0.387,1,49,0,25,0.3,0.0005,0.7
34,58.8,0.795,-3.46,-8.9,-0.388,1,33,0,25,0.1,0.0005,0.7
34,58.8,0.795,-3.46,-8.9,-0.388,1,33,0,25,0.1,0.0,0.7
56,62.5,0.898,-2.49,-6.41,-0.389,1,55,0,25,0.4,0.001,0.5
34,58.8,0.818,-3.06,-7.73,-0.396,1,33,0,25,0.15,0.0,1.0
34,58.8,0.818,-3.06,-7.73,-0.396,1,33,0,25,0.15,0.0005,1.0
90,60.0,0.901,-4.03,-10.2,-0.396,3,87,0,12,0.4,0.0005,1.0
90,60.0,0.901,-4.03,-10.2,-0.396,3,87,0,12,0.4,0.0,1.0
44,59.1,0.881,-2.48,-6.25,-0.397,1,43,0,25,0.4,0.001,1.0
74,60.8,0.871,-4.24,-10.57,-0.401,3,71,0,15,0.1,0.001,0.2
89,61.8,0.886,-4.34,-10.77,-0.403,3,86,0,10,0.1,0.001,0.2
40,60.0,0.822,-3.4,-8.4,-0.404,1,39,0,25,0.1,0.0005,0.3
40,60.0,0.822,-3.4,-8.4,-0.404,1,39,0,25,0.1,0.0,0.3
39,59.0,0.85,-2.84,-6.97,-0.408,1,38,0,25,0.2,0.0005,1.0
39,59.0,0.85,-2.84,-6.97,-0.408,1,38,0,25,0.2,0.0,1.0
49,61.2,0.889,-2.49,-5.88,-0.423,1,48,0,25,0.15,0.001,0.2
79,60.8,0.862,-4.89,-11.49,-0.425,3,76,0,12,0.1,0.0005,0.5
79,60.8,0.862,-4.89,-11.49,-0.425,3,76,0,12,0.1,0.0,0.5
55,61.8,0.879,-3.0,-7.0,-0.428,1,54,0,25,0.25,0.0,0.2
55,61.8,0.879,-3.0,-7.0,-0.428,1,54,0,25,0.25,0.0005,0.2
40,60.0,0.832,-3.17,-7.33,-0.433,1,39,0,25,0.15,0.0005,0.7
40,60.0,0.832,-3.17,-7.33,-0.433,1,39,0,25,0.15,0.0,0.7
87,60.9,0.861,-5.29,-12.17,-0.435,3,84,0,8,0.1,0.0005,0.5
87,60.9,0.861,-5.29,-12.17,-0.435,3,84,0,8,0.1,0.0,0.5
50,62.0,0.895,-2.34,-5.29,-0.442,1,49,0,25,0.25,0.001,0.5
55,61.8,0.914,-2.1,-4.74,-0.442,1,54,0,25,0.2,0.001,0.2
88,61.4,0.868,-5.08,-11.45,-0.444,3,85,0,10,0.1,0.0005,0.3
88,61.4,0.868,-5.08,-11.45,-0.444,3,85,0,10,0.1,0.0,0.3
45,60.0,0.86,-2.95,-6.57,-0.45,1,44,0,25,0.2,0.0,0.7
45,60.0,0.86,-2.95,-6.57,-0.45,1,44,0,25,0.2,0.0005,0.7
57,59.6,0.856,-3.87,-8.47,-0.457,2,55,0,20,0.1,0.0,0.5
57,59.6,0.856,-3.87,-8.47,-0.457,2,55,0,20,0.1,0.0005,0.5
84,60.7,0.854,-5.37,-11.62,-0.463,3,81,0,10,0.1,0.001,0.5
92,60.9,0.848,-6.1,-13.03,-0.468,3,89,0,8,0.1,0.0005,0.2
92,60.9,0.848,-6.1,-13.03,-0.468,3,89,0,8,0.1,0.0,0.2
42,59.5,0.821,-3.58,-7.56,-0.473,1,41,0,25,0.1,0.001,0.2
43,60.5,0.851,-2.97,-6.09,-0.488,1,42,0,25,0.15,0.001,0.5
49,61.2,0.883,-2.59,-5.28,-0.49,1,48,0,25,0.2,0.001,0.5
89,60.7,0.842,-6.19,-12.49,-0.495,3,86,0,10,0.1,0.0,0.2
89,60.7,0.842,-6.19,-12.49,-0.495,3,86,0,10,0.1,0.0005,0.2
74,59.5,0.821,-6.09,-12.3,-0.495,3,71,0,15,0.1,0.0005,0.2
74,59.5,0.821,-6.09,-12.3,-0.495,3,71,0,15,0.1,0.0,0.2
57,61.4,0.851,-3.83,-7.69,-0.498,1,56,0,25,0.4,0.0005,0.5
57,61.4,0.851,-3.83,-7.69,-0.498,1,56,0,25,0.4,0.0,0.5
43,58.1,0.849,-3.15,-6.25,-0.504,1,42,0,25,0.3,0.001,1.0
45,57.8,0.827,-3.82,-7.54,-0.507,1,44,0,25,0.4,0.0005,1.0
45,57.8,0.827,-3.82,-7.54,-0.507,1,44,0,25,0.4,0.0,1.0
85,60.0,0.828,-6.55,-12.72,-0.515,3,82,0,10,0.1,0.0005,0.5
85,60.0,0.828,-6.55,-12.72,-0.515,3,82,0,10,0.1,0.0,0.5
36,58.3,0.773,-4.0,-7.77,-0.515,1,35,0,25,0.1,0.001,0.5
60,61.7,0.861,-3.76,-7.3,-0.515,1,59,0,25,0.4,0.0,0.2
60,61.7,0.861,-3.76,-7.3,-0.515,1,59,0,25,0.4,0.0005,0.2
54,61.1,0.865,-3.3,-6.41,-0.516,1,53,0,25,0.3,0.001,0.5
59,61.0,0.851,-4.03,-7.3,-0.552,1,58,0,25,0.3,0.0005,0.2
59,61.0,0.851,-4.03,-7.3,-0.552,1,58,0,25,0.3,0.0,0.2
51,60.8,0.843,-3.68,-6.59,-0.559,1,50,0,25,0.25,0.0005,0.5
51,60.8,0.843,-3.68,-6.59,-0.559,1,50,0,25,0.25,0.0,0.5
49,59.2,0.809,-4.51,-7.83,-0.575,1,48,0,25,0.15,0.0,0.2
49,59.2,0.809,-4.51,-7.83,-0.575,1,48,0,25,0.15,0.0005,0.2
44,59.1,0.797,-4.31,-7.38,-0.583,1,43,0,25,0.15,0.0005,0.5
44,59.1,0.797,-4.31,-7.38,-0.583,1,43,0,25,0.15,0.0,0.5
42,57.1,0.738,-5.57,-9.47,-0.588,1,41,0,25,0.1,0.0,0.2
42,57.1,0.738,-5.57,-9.47,-0.588,1,41,0,25,0.1,0.0005,0.2
37,56.8,0.719,-5.32,-9.04,-0.589,1,36,0,25,0.1,0.0005,0.5
37,56.8,0.719,-5.32,-9.04,-0.589,1,36,0,25,0.1,0.0,0.5
44,56.8,0.797,-4.48,-7.54,-0.594,1,43,0,25,0.3,0.0,1.0
44,56.8,0.797,-4.48,-7.54,-0.594,1,43,0,25,0.3,0.0005,1.0
50,60.0,0.832,-3.92,-6.58,-0.596,1,49,0,25,0.2,0.0005,0.5
50,60.0,0.832,-3.92,-6.58,-0.596,1,49,0,25,0.2,0.0,0.5
55,60.0,0.819,-4.63,-7.69,-0.602,1,54,0,25,0.3,0.0,0.5
55,60.0,0.819,-4.63,-7.69,-0.602,1,54,0,25,0.3,0.0005,0.5
55,60.0,0.839,-4.12,-6.71,-0.614,1,54,0,25,0.2,0.0,0.2
55,60.0,0.839,-4.12,-6.71,-0.614,1,54,0,25,0.2,0.0005,0.2
