min_body,panic_mult,tp_mult,sl_mult,max_bars,trades,wr,pf,net_pct,final_eq,max_dd,calmar
0.05,1.3,2.5,1.5,0,10,70.0,2.033,4.47,10447.42,-1.43,3.125
0.05,1.3,2.5,1.5,12,10,60.0,1.41,1.26,10125.94,-1.34,0.939
0.05,1.3,2.5,1.5,18,10,50.0,1.871,2.81,10280.65,-1.59,1.766
0.05,1.3,2.5,1.5,25,10,70.0,2.255,3.87,10387.36,-1.43,2.706
0.05,1.3,2.5,2.0,0,10,90.0,6.511,7.3,10730.15,-1.31,5.562
0.05,1.3,2.5,2.0,12,10,60.0,1.937,1.57,10157.17,-0.64,2.462
0.05,1.3,2.5,2.0,18,10,50.0,2.48,2.69,10269.24,-1.19,2.256
0.05,1.3,2.5,2.0,25,10,90.0,41.023,6.19,10619.0,-0.15,40.394
0.05,1.3,2.5,2.5,0,10,90.0,5.442,5.59,10559.42,-1.25,4.475
0.05,1.3,2.5,2.5,12,10,60.0,1.94,1.26,10125.83,-0.51,2.464
0.05,1.3,2.5,2.5,18,10,50.0,2.484,2.15,10215.24,-0.96,2.253
0.05,1.3,2.5,2.5,25,10,90.0,40.891,4.93,10492.66,-0.12,40.187
0.05,1.3,3.0,1.5,0,10,70.0,2.397,6.1,10610.44,-1.43,4.264
0.05,1.3,3.0,1.5,12,10,60.0,1.487,1.5,10149.74,-1.34,1.117
0.05,1.3,3.0,1.5,18,10,50.0,2.151,3.73,10372.73,-1.59,2.345
0.05,1.3,3.0,1.5,25,10,70.0,2.548,4.8,10480.39,-1.43,3.355
0.05,1.3,3.0,2.0,0,10,90.0,7.85,9.1,10909.8,-1.31,6.931
0.05,1.3,3.0,2.0,12,10,60.0,2.044,1.75,10175.15,-0.64,2.743
0.05,1.3,3.0,2.0,18,10,50.0,2.855,3.38,10338.41,-1.19,2.836
0.05,1.3,3.0,2.0,25,10,90.0,47.244,7.17,10716.99,-0.15,46.788
0.05,1.3,3.0,2.5,0,10,90.0,6.554,7.01,10700.93,-1.25,5.607
0.05,1.3,3.0,2.5,12,10,60.0,2.047,1.4,10140.2,-0.51,2.745
0.05,1.3,3.0,2.5,18,10,50.0,2.859,2.7,10270.37,-0.96,2.831
0.05,1.3,3.0,2.5,25,10,90.0,47.081,5.7,10570.23,-0.12,46.514
0.05,1.3,3.5,1.5,0,10,70.0,2.619,7.11,10711.35,-1.43,4.968
0.05,1.3,3.5,1.5,12,10,60.0,1.594,1.83,10182.99,-1.34,1.365
0.05,1.3,3.5,1.5,18,10,50.0,2.458,4.75,10475.07,-1.59,2.989
0.05,1.3,3.5,1.5,25,10,70.0,2.87,5.84,10583.79,-1.43,4.078
0.05,1.3,3.5,2.0,0,10,90.0,8.384,9.83,10983.17,-1.31,7.489
0.05,1.3,3.5,2.0,12,10,60.0,2.193,2.0,10200.26,-0.64,3.137
0.05,1.3,3.5,2.0,18,10,50.0,3.267,4.15,10415.17,-1.19,3.479
0.05,1.3,3.5,2.0,25,10,90.0,53.965,8.23,10823.22,-0.15,53.72
0.05,1.3,3.5,2.5,0,10,90.0,7.0,7.59,10758.65,-1.25,6.068
0.05,1.3,3.5,2.5,12,10,60.0,2.196,1.6,10160.27,-0.51,3.138
0.05,1.3,3.5,2.5,18,10,50.0,3.273,3.31,10331.5,-0.96,3.47
0.05,1.3,3.5,2.5,25,10,90.0,53.761,6.54,10654.2,-0.12,53.363
0.05,1.3,4.0,1.5,0,10,70.0,2.925,8.52,10852.05,-1.43,5.951
0.05,1.3,4.0,1.5,12,10,60.0,1.701,2.16,10216.24,-1.34,1.613
0.05,1.3,4.0,1.5,18,10,50.0,2.763,5.78,10578.08,-1.59,3.637
0.05,1.3,4.0,1.5,25,10,70.0,3.189,6.88,10687.87,-1.43,4.805
0.05,1.3,4.0,2.0,0,10,90.0,9.116,10.83,11083.23,-1.31,8.252
0.05,1.3,4.0,2.0,12,10,60.0,2.342,2.25,10225.36,-0.64,3.53
0.05,1.3,4.0,2.0,18,10,50.0,3.678,4.92,10492.31,-1.19,4.126
0.05,1.3,4.0,2.0,25,10,90.0,58.44,8.95,10894.97,-0.15,58.403
0.05,1.3,4.0,2.5,0,10,90.0,7.608,8.37,10837.24,-1.25,6.697
0.05,1.3,4.0,2.5,12,10,60.0,2.346,1.8,10180.34,-0.51,3.531
0.05,1.3,4.0,2.5,18,10,50.0,3.686,3.93,10392.87,-0.96,4.113
0.05,1.3,4.0,2.5,25,10,90.0,58.218,7.11,10710.85,-0.12,57.985
0.05,1.5,2.5,1.5,0,11,72.7,2.329,5.81,10580.58,-1.43,4.055
0.05,1.5,2.5,1.5,12,11,63.6,1.823,2.55,10255.0,-1.34,1.902
0.05,1.5,2.5,1.5,18,11,54.5,2.263,4.12,10411.69,-1.59,2.59
0.05,1.5,2.5,1.5,25,11,72.7,2.664,5.2,10519.75,-1.43,3.63
0.05,1.5,2.5,2.0,0,11,90.9,7.285,8.33,10832.73,-1.31,6.343
0.05,1.5,2.5,2.0,12,11,63.6,2.507,2.54,10254.27,-0.64,3.983
0.05,1.5,2.5,2.0,18,11,54.5,3.002,3.67,10367.41,-1.19,3.079
0.05,1.5,2.5,2.0,25,11,90.9,47.587,7.21,10720.51,-0.15,47.018
0.05,1.5,2.5,2.5,0,11,90.9,6.083,6.4,10640.17,-1.25,5.121
0.05,1.5,2.5,2.5,12,11,63.6,2.511,2.03,10203.27,-0.51,3.98
0.05,1.5,2.5,2.5,18,11,54.5,3.008,2.93,10293.36,-0.96,3.071
0.05,1.5,2.5,2.5,25,11,90.9,47.389,5.73,10572.91,-0.12,46.732
0.05,1.5,3.0,1.5,0,11,72.7,2.625,7.15,10714.92,-1.43,4.993
0.05,1.5,3.0,1.5,12,11,63.6,1.806,2.5,10249.68,-1.34,1.862
0.05,1.5,3.0,1.5,18,11,54.5,2.453,4.75,10474.86,-1.59,2.987
0.05,1.5,3.0,1.5,25,11,72.7,2.864,5.84,10583.58,-1.43,4.076
0.05,1.5,3.0,2.0,0,11,90.9,8.457,9.9,10990.36,-1.31,7.544
0.05,1.5,3.0,2.0,12,11,63.6,2.485,2.5,10250.29,-0.64,3.92
0.05,1.5,3.0,2.0,18,11,54.5,3.258,4.15,10414.76,-1.19,3.476
0.05,1.5,3.0,2.0,25,11,90.9,52.349,7.96,10796.13,-0.15,51.953
0.05,1.5,3.0,2.5,0,11,90.9,7.055,7.64,10764.15,-1.25,6.112
0.05,1.5,3.0,2.5,12,11,63.6,2.489,2.0,10200.11,-0.51,3.918
0.05,1.5,3.0,2.5,18,11,54.5,3.264,3.31,10331.05,-0.96,3.466
0.05,1.5,3.0,2.5,25,11,90.9,52.127,6.33,10632.68,-0.12,51.608
0.05,1.5,3.5,1.5,0,11,72.7,2.847,8.17,10816.81,-1.43,5.705
0.05,1.5,3.5,1.5,12,11,63.6,1.913,2.83,10283.25,-1.34,2.113
0.05,1.5,3.5,1.5,18,11,54.5,2.758,5.78,10578.21,-1.59,3.638
0.05,1.5,3.5,1.5,25,11,72.7,3.183,6.88,10688.0,-1.43,4.805
0.05,1.5,3.5,2.0,0,11,90.9,8.993,10.64,11064.28,-1.31,8.107
0.05,1.5,3.5,2.0,12,11,63.6,2.635,2.76,10275.58,-0.64,4.316
0.05,1.5,3.5,2.0,18,11,54.5,3.669,4.92,10492.08,-1.19,4.124
0.05,1.5,3.5,2.0,25,11,90.9,59.107,9.03,10903.14,-0.15,58.936
0.05,1.5,3.5,2.5,0,11,90.9,7.502,8.22,10822.21,-1.25,6.577
0.05,1.5,3.5,2.5,12,11,63.6,2.638,2.2,10220.3,-0.51,4.313
0.05,1.5,3.5,2.5,18,11,54.5,3.677,3.93,10392.54,-0.96,4.109
0.05,1.5,3.5,2.5,25,11,90.9,58.838,7.17,10717.14,-0.12,58.497
0.05,1.5,4.0,1.5,0,11,72.7,3.152,9.59,10958.9,-1.43,6.698
0.05,1.5,4.0,1.5,12,11,63.6,2.02,3.17,10316.83,-1.34,2.363
0.05,1.5,4.0,1.5,18,11,54.5,3.062,6.82,10682.23,-1.59,4.292
0.05,1.5,4.0,1.5,25,11,72.7,3.501,7.93,10793.11,-1.43,5.54
0.05,1.5,4.0,2.0,0,11,90.9,9.729,11.65,11165.08,-1.31,8.875
0.05,1.5,4.0,2.0,12,11,63.6,2.784,3.01,10300.88,-0.64,4.713
0.05,1.5,4.0,2.0,18,11,54.5,4.079,5.7,10569.79,-1.19,4.775
0.05,1.5,4.0,2.0,25,11,90.9,63.604,9.75,10975.43,-0.15,63.653
0.05,1.5,4.0,2.5,0,11,90.9,8.114,9.01,10901.27,-1.25,7.209
0.05,1.5,4.0,2.5,12,11,63.6,2.788,2.4,10240.48,-0.51,4.708
0.05,1.5,4.0,2.5,18,11,54.5,4.089,4.54,10454.27,-0.96,4.756
0.05,1.5,4.0,2.5,25,11,90.9,63.311,7.74,10774.13,-0.12,63.146
0.05,2.0,2.5,1.5,0,11,72.7,2.175,5.11,10510.81,-1.43,3.568
0.05,2.0,2.5,1.5,12,11,72.7,2.942,4.37,10437.03,-1.34,3.26
0.05,2.0,2.5,1.5,18,11,63.6,3.533,5.88,10587.76,-1.34,4.384
0.05,2.0,2.5,1.5,25,11,72.7,2.68,5.25,10524.97,-1.43,3.667
0.05,2.0,2.5,2.0,0,11,90.9,6.879,7.79,10778.97,-1.31,5.934
0.05,2.0,2.5,2.0,12,11,72.7,4.751,3.9,10390.49,-0.62,6.252
0.05,2.0,2.5,2.0,18,11,63.6,5.44,4.99,10498.6,-0.49,10.149
0.05,2.0,2.5,2.0,25,11,90.9,47.845,7.25,10724.51,-0.15,47.279
0.05,2.0,2.5,2.5,0,11,90.9,5.747,5.98,10597.84,-1.25,4.782
0.05,2.0,2.5,2.5,12,11,72.7,4.755,3.12,10311.56,-0.5,6.234
0.05,2.0,2.5,2.5,18,11,63.6,5.455,3.97,10397.41,-0.39,10.112
0.05,2.0,2.5,2.5,25,11,90.9,47.644,5.76,10576.07,-0.12,46.99
0.05,2.0,3.0,1.5,0,11,72.7,2.394,6.09,10609.39,-1.43,4.256
0.05,2.0,3.0,1.5,12,11,72.7,2.918,4.32,10431.61,-1.34,3.219
0.05,2.0,3.0,1.5,18,11,63.6,3.799,6.52,10652.01,-1.34,4.863
0.05,2.0,3.0,1.5,25,11,72.7,2.88,5.89,10588.83,-1.43,4.113
0.05,2.0,3.0,2.0,0,11,90.9,7.843,9.09,10908.84,-1.31,6.923
0.05,2.0,3.0,2.0,12,11,72.7,4.713,3.86,10386.46,-0.62,6.188
0.05,2.0,3.0,2.0,18,11,63.6,5.857,5.47,10546.54,-0.49,11.125
0.05,2.0,3.0,2.0,25,11,90.9,52.608,8.0,10800.16,-0.15,52.215
0.05,2.0,3.0,2.5,0,11,90.9,6.548,7.0,10700.1,-1.25,5.6
0.05,2.0,3.0,2.5,12,11,72.7,4.717,3.08,10308.37,-0.5,6.17
0.05,2.0,3.0,2.5,18,11,63.6,5.874,4.35,10435.48,-0.39,11.08
0.05,2.0,3.0,2.5,25,11,90.9,52.383,6.36,10635.85,-0.12,51.867
0.05,2.0,3.5,1.5,0,11,72.7,2.701,7.49,10749.21,-1.43,5.233
0.05,2.0,3.5,1.5,12,11,72.7,3.066,4.66,10465.79,-1.34,3.474
0.05,2.0,3.5,1.5,18,11,63.6,4.226,7.57,10757.1,-1.34,5.647
0.05,2.0,3.5,1.5,25,11,72.7,3.199,6.93,10693.31,-1.43,4.842
0.05,2.0,3.5,2.0,0,11,90.9,8.602,10.12,11012.24,-1.31,7.711
0.05,2.0,3.5,2.0,12,11,72.7,4.956,4.12,10412.09,-0.62,6.598
0.05,2.0,3.5,2.0,18,11,63.6,6.528,6.25,10624.85,-0.49,12.719
0.05,2.0,3.5,2.0,25,11,90.9,59.369,9.07,10907.21,-0.15,59.201
0.05,2.0,3.5,2.5,0,11,90.9,7.18,7.81,10781.41,-1.25,6.25
0.05,2.0,3.5,2.5,12,11,72.7,4.96,3.29,10328.77,-0.5,6.579
0.05,2.0,3.5,2.5,18,11,63.6,6.549,4.98,10497.59,-0.39,12.66
0.05,2.0,3.5,2.5,25,11,90.9,59.096,7.2,10720.34,-0.12,58.758
0.05,2.0,4.0,1.5,0,11,72.7,3.007,8.9,10890.41,-1.43,6.219
0.05,2.0,4.0,1.5,12,11,72.7,3.213,5.0,10499.96,-1.34,3.729
0.05,2.0,4.0,1.5,18,11,63.6,4.65,8.63,10862.89,-1.34,6.436
0.05,2.0,4.0,1.5,25,11,72.7,3.517,7.98,10798.46,-1.43,5.577
0.05,2.0,4.0,2.0,0,11,90.9,9.335,11.13,11112.56,-1.31,8.475
0.05,2.0,4.0,2.0,12,11,72.7,5.197,4.38,10437.72,-0.62,7.008
0.05,2.0,4.0,2.0,18,11,63.6,7.197,7.04,10703.54,-0.49,14.32
0.05,2.0,4.0,2.0,25,11,90.9,63.867,9.8,10979.52,-0.15,63.92
0.05,2.0,4.0,2.5,0,11,90.9,7.789,8.6,10860.17,-1.25,6.88
0.05,2.0,4.0,2.5,12,11,72.7,5.203,3.49,10349.17,-0.5,6.987
0.05,2.0,4.0,2.5,18,11,63.6,7.222,5.6,10559.94,-0.39,14.247
0.05,2.0,4.0,2.5,25,11,90.9,63.57,7.77,10777.35,-0.12,63.409
0.05,99.0,2.5,1.5,0,11,72.7,2.175,5.11,10510.81,-1.43,3.568
0.05,99.0,2.5,1.5,12,11,72.7,2.942,4.37,10437.03,-1.34,3.26
0.05,99.0,2.5,1.5,18,11,63.6,3.533,5.88,10587.76,-1.34,4.384
0.05,99.0,2.5,1.5,25,11,72.7,2.68,5.25,10524.97,-1.43,3.667
0.05,99.0,2.5,2.0,0,11,90.9,6.879,7.79,10778.97,-1.31,5.934
0.05,99.0,2.5,2.0,12,11,72.7,4.751,3.9,10390.49,-0.62,6.252
0.05,99.0,2.5,2.0,18,11,63.6,5.44,4.99,10498.6,-0.49,10.149
0.05,99.0,2.5,2.0,25,11,90.9,47.845,7.25,10724.51,-0.15,47.279
0.05,99.0,2.5,2.5,0,11,90.9,5.747,5.98,10597.84,-1.25,4.782
0.05,99.0,2.5,2.5,12,11,72.7,4.755,3.12,10311.56,-0.5,6.234
0.05,99.0,2.5,2.5,18,11,63.6,5.455,3.97,10397.41,-0.39,10.112
0.05,99.0,2.5,2.5,25,11,90.9,47.644,5.76,10576.07,-0.12,46.99
0.05,99.0,3.0,1.5,0,11,72.7,2.394,6.09,10609.39,-1.43,4.256
0.05,99.0,3.0,1.5,12,11,72.7,2.918,4.32,10431.61,-1.34,3.219
0.05,99.0,3.0,1.5,18,11,63.6,3.799,6.52,10652.01,-1.34,4.863
0.05,99.0,3.0,1.5,25,11,72.7,2.88,5.89,10588.83,-1.43,4.113
0.05,99.0,3.0,2.0,0,11,90.9,7.843,9.09,10908.84,-1.31,6.923
0.05,99.0,3.0,2.0,12,11,72.7,4.713,3.86,10386.46,-0.62,6.188
0.05,99.0,3.0,2.0,18,11,63.6,5.857,5.47,10546.54,-0.49,11.125
0.05,99.0,3.0,2.0,25,11,90.9,52.608,8.0,10800.16,-0.15,52.215
0.05,99.0,3.0,2.5,0,11,90.9,6.548,7.0,10700.1,-1.25,5.6
0.05,99.0,3.0,2.5,12,11,72.7,4.717,3.08,10308.37,-0.5,6.17
0.05,99.0,3.0,2.5,18,11,63.6,5.874,4.35,10435.48,-0.39,11.08
0.05,99.0,3.0,2.5,25,11,90.9,52.383,6.36,10635.85,-0.12,51.867
0.05,99.0,3.5,1.5,0,11,72.7,2.701,7.49,10749.21,-1.43,5.233
0.05,99.0,3.5,1.5,12,11,72.7,3.066,4.66,10465.79,-1.34,3.474
0.05,99.0,3.5,1.5,18,11,63.6,4.226,7.57,10757.1,-1.34,5.647
0.05,99.0,3.5,1.5,25,11,72.7,3.199,6.93,10693.31,-1.43,4.842
0.05,99.0,3.5,2.0,0,11,90.9,8.602,10.12,11012.24,-1.31,7.711
0.05,99.0,3.5,2.0,12,11,72.7,4.956,4.12,10412.09,-0.62,6.598
0.05,99.0,3.5,2.0,18,11,63.6,6.528,6.25,10624.85,-0.49,12.719
0.05,99.0,3.5,2.0,25,11,90.9,59.369,9.07,10907.21,-0.15,59.201
0.05,99.0,3.5,2.5,0,11,90.9,7.18,7.81,10781.41,-1.25,6.25
0.05,99.0,3.5,2.5,12,11,72.7,4.96,3.29,10328.77,-0.5,6.579
0.05,99.0,3.5,2.5,18,11,63.6,6.549,4.98,10497.59,-0.39,12.66
0.05,99.0,3.5,2.5,25,11,90.9,59.096,7.2,10720.34,-0.12,58.758
0.05,99.0,4.0,1.5,0,11,72.7,3.007,8.9,10890.41,-1.43,6.219
0.05,99.0,4.0,1.5,12,11,72.7,3.213,5.0,10499.96,-1.34,3.729
0.05,99.0,4.0,1.5,18,11,63.6,4.65,8.63,10862.89,-1.34,6.436
0.05,99.0,4.0,1.5,25,11,72.7,3.517,7.98,10798.46,-1.43,5.577
0.05,99.0,4.0,2.0,0,11,90.9,9.335,11.13,11112.56,-1.31,8.475
0.05,99.0,4.0,2.0,12,11,72.7,5.197,4.38,10437.72,-0.62,7.008
0.05,99.0,4.0,2.0,18,11,63.6,7.197,7.04,10703.54,-0.49,14.32
0.05,99.0,4.0,2.0,25,11,90.9,63.867,9.8,10979.52,-0.15,63.92
0.05,99.0,4.0,2.5,0,11,90.9,7.789,8.6,10860.17,-1.25,6.88
0.05,99.0,4.0,2.5,12,11,72.7,5.203,3.49,10349.17,-0.5,6.987
0.05,99.0,4.0,2.5,18,11,63.6,7.222,5.6,10559.94,-0.39,14.247
0.05,99.0,4.0,2.5,25,11,90.9,63.57,7.77,10777.35,-0.12,63.409
0.1,1.3,2.5,1.5,0,10,70.0,2.033,4.47,10447.42,-1.43,3.125
0.1,1.3,2.5,1.5,12,10,60.0,1.41,1.26,10125.94,-1.34,0.939
0.1,1.3,2.5,1.5,18,10,50.0,1.871,2.81,10280.65,-1.59,1.766
0.1,1.3,2.5,1.5,25,10,70.0,2.255,3.87,10387.36,-1.43,2.706
0.1,1.3,2.5,2.0,0,10,90.0,6.511,7.3,10730.15,-1.31,5.562
0.1,1.3,2.5,2.0,12,10,60.0,1.937,1.57,10157.17,-0.64,2.462
0.1,1.3,2.5,2.0,18,10,50.0,2.48,2.69,10269.24,-1.19,2.256
0.1,1.3,2.5,2.0,25,10,90.0,41.023,6.19,10619.0,-0.15,40.394
0.1,1.3,2.5,2.5,0,10,90.0,5.442,5.59,10559.42,-1.25,4.475
0.1,1.3,2.5,2.5,12,10,60.0,1.94,1.26,10125.83,-0.51,2.464
0.1,1.3,2.5,2.5,18,10,50.0,2.484,2.15,10215.24,-0.96,2.253
0.1,1.3,2.5,2.5,25,10,90.0,40.891,4.93,10492.66,-0.12,40.187
0.1,1.3,3.0,1.5,0,10,70.0,2.397,6.1,10610.44,-1.43,4.264
0.1,1.3,3.0,1.5,12,10,60.0,1.487,1.5,10149.74,-1.34,1.117
0.1,1.3,3.0,1.5,18,10,50.0,2.151,3.73,10372.73,-1.59,2.345
0.1,1.3,3.0,1.5,25,10,70.0,2.548,4.8,10480.39,-1.43,3.355
0.1,1.3,3.0,2.0,0,10,90.0,7.85,9.1,10909.8,-1.31,6.931
0.1,1.3,3.0,2.0,12,10,60.0,2.044,1.75,10175.15,-0.64,2.743
0.1,1.3,3.0,2.0,18,10,50.0,2.855,3.38,10338.41,-1.19,2.836
0.1,1.3,3.0,2.0,25,10,90.0,47.244,7.17,10716.99,-0.15,46.788
0.1,1.3,3.0,2.5,0,10,90.0,6.554,7.01,10700.93,-1.25,5.607
0.1,1.3,3.0,2.5,12,10,60.0,2.047,1.4,10140.2,-0.51,2.745
0.1,1.3,3.0,2.5,18,10,50.0,2.859,2.7,10270.37,-0.96,2.831
0.1,1.3,3.0,2.5,25,10,90.0,47.081,5.7,10570.23,-0.12,46.514
0.1,1.3,3.5,1.5,0,10,70.0,2.619,7.11,10711.35,-1.43,4.968
0.1,1.3,3.5,1.5,12,10,60.0,1.594,1.83,10182.99,-1.34,1.365
0.1,1.3,3.5,1.5,18,10,50.0,2.458,4.75,10475.07,-1.59,2.989
0.1,1.3,3.5,1.5,25,10,70.0,2.87,5.84,10583.79,-1.43,4.078
0.1,1.3,3.5,2.0,0,10,90.0,8.384,9.83,10983.17,-1.31,7.489
0.1,1.3,3.5,2.0,12,10,60.0,2.193,2.0,10200.26,-0.64,3.137
0.1,1.3,3.5,2.0,18,10,50.0,3.267,4.15,10415.17,-1.19,3.479
0.1,1.3,3.5,2.0,25,10,90.0,53.965,8.23,10823.22,-0.15,53.72
0.1,1.3,3.5,2.5,0,10,90.0,7.0,7.59,10758.65,-1.25,6.068
0.1,1.3,3.5,2.5,12,10,60.0,2.196,1.6,10160.27,-0.51,3.138
0.1,1.3,3.5,2.5,18,10,50.0,3.273,3.31,10331.5,-0.96,3.47
0.1,1.3,3.5,2.5,25,10,90.0,53.761,6.54,10654.2,-0.12,53.363
0.1,1.3,4.0,1.5,0,10,70.0,2.925,8.52,10852.05,-1.43,5.951
0.1,1.3,4.0,1.5,12,10,60.0,1.701,2.16,10216.24,-1.34,1.613
0.1,1.3,4.0,1.5,18,10,50.0,2.763,5.78,10578.08,-1.59,3.637
0.1,1.3,4.0,1.5,25,10,70.0,3.189,6.88,10687.87,-1.43,4.805
0.1,1.3,4.0,2.0,0,10,90.0,9.116,10.83,11083.23,-1.31,8.252
0.1,1.3,4.0,2.0,12,10,60.0,2.342,2.25,10225.36,-0.64,3.53
0.1,1.3,4.0,2.0,18,10,50.0,3.678,4.92,10492.31,-1.19,4.126
0.1,1.3,4.0,2.0,25,10,90.0,58.44,8.95,10894.97,-0.15,58.403
0.1,1.3,4.0,2.5,0,10,90.0,7.608,8.37,10837.24,-1.25,6.697
0.1,1.3,4.0,2.5,12,10,60.0,2.346,1.8,10180.34,-0.51,3.531
0.1,1.3,4.0,2.5,18,10,50.0,3.686,3.93,10392.87,-0.96,4.113
0.1,1.3,4.0,2.5,25,10,90.0,58.218,7.11,10710.85,-0.12,57.985
0.1,1.5,2.5,1.5,0,11,72.7,2.329,5.81,10580.58,-1.43,4.055
0.1,1.5,2.5,1.5,12,11,63.6,1.823,2.55,10255.0,-1.34,1.902
0.1,1.5,2.5,1.5,18,11,54.5,2.263,4.12,10411.69,-1.59,2.59
0.1,1.5,2.5,1.5,25,11,72.7,2.664,5.2,10519.75,-1.43,3.63
0.1,1.5,2.5,2.0,0,11,90.9,7.285,8.33,10832.73,-1.31,6.343
0.1,1.5,2.5,2.0,12,11,63.6,2.507,2.54,10254.27,-0.64,3.983
0.1,1.5,2.5,2.0,18,11,54.5,3.002,3.67,10367.41,-1.19,3.079
0.1,1.5,2.5,2.0,25,11,90.9,47.587,7.21,10720.51,-0.15,47.018
0.1,1.5,2.5,2.5,0,11,90.9,6.083,6.4,10640.17,-1.25,5.121
0.1,1.5,2.5,2.5,12,11,63.6,2.511,2.03,10203.27,-0.51,3.98
0.1,1.5,2.5,2.5,18,11,54.5,3.008,2.93,10293.36,-0.96,3.071
0.1,1.5,2.5,2.5,25,11,90.9,47.389,5.73,10572.91,-0.12,46.732
0.1,1.5,3.0,1.5,0,11,72.7,2.625,7.15,10714.92,-1.43,4.993
0.1,1.5,3.0,1.5,12,11,63.6,1.806,2.5,10249.68,-1.34,1.862
0.1,1.5,3.0,1.5,18,11,54.5,2.453,4.75,10474.86,-1.59,2.987
0.1,1.5,3.0,1.5,25,11,72.7,2.864,5.84,10583.58,-1.43,4.076
0.1,1.5,3.0,2.0,0,11,90.9,8.457,9.9,10990.36,-1.31,7.544
0.1,1.5,3.0,2.0,12,11,63.6,2.485,2.5,10250.29,-0.64,3.92
0.1,1.5,3.0,2.0,18,11,54.5,3.258,4.15,10414.76,-1.19,3.476
0.1,1.5,3.0,2.0,25,11,90.9,52.349,7.96,10796.13,-0.15,51.953
0.1,1.5,3.0,2.5,0,11,90.9,7.055,7.64,10764.15,-1.25,6.112
0.1,1.5,3.0,2.5,12,11,63.6,2.489,2.0,10200.11,-0.51,3.918
0.1,1.5,3.0,2.5,18,11,54.5,3.264,3.31,10331.05,-0.96,3.466
0.1,1.5,3.0,2.5,25,11,90.9,52.127,6.33,10632.68,-0.12,51.608
0.1,1.5,3.5,1.5,0,11,72.7,2.847,8.17,10816.81,-1.43,5.705
0.1,1.5,3.5,1.5,12,11,63.6,1.913,2.83,10283.25,-1.34,2.113
0.1,1.5,3.5,1.5,18,11,54.5,2.758,5.78,10578.21,-1.59,3.638
0.1,1.5,3.5,1.5,25,11,72.7,3.183,6.88,10688.0,-1.43,4.805
0.1,1.5,3.5,2.0,0,11,90.9,8.993,10.64,11064.28,-1.31,8.107
0.1,1.5,3.5,2.0,12,11,63.6,2.635,2.76,10275.58,-0.64,4.316
0.1,1.5,3.5,2.0,18,11,54.5,3.669,4.92,10492.08,-1.19,4.124
0.1,1.5,3.5,2.0,25,11,90.9,59.107,9.03,10903.14,-0.15,58.936
0.1,1.5,3.5,2.5,0,11,90.9,7.502,8.22,10822.21,-1.25,6.577
0.1,1.5,3.5,2.5,12,11,63.6,2.638,2.2,10220.3,-0.51,4.313
0.1,1.5,3.5,2.5,18,11,54.5,3.677,3.93,10392.54,-0.96,4.109
0.1,1.5,3.5,2.5,25,11,90.9,58.838,7.17,10717.14,-0.12,58.497
0.1,1.5,4.0,1.5,0,11,72.7,3.152,9.59,10958.9,-1.43,6.698
0.1,1.5,4.0,1.5,12,11,63.6,2.02,3.17,10316.83,-1.34,2.363
0.1,1.5,4.0,1.5,18,11,54.5,3.062,6.82,10682.23,-1.59,4.292
0.1,1.5,4.0,1.5,25,11,72.7,3.501,7.93,10793.11,-1.43,5.54
0.1,1.5,4.0,2.0,0,11,90.9,9.729,11.65,11165.08,-1.31,8.875
0.1,1.5,4.0,2.0,12,11,63.6,2.784,3.01,10300.88,-0.64,4.713
0.1,1.5,4.0,2.0,18,11,54.5,4.079,5.7,10569.79,-1.19,4.775
0.1,1.5,4.0,2.0,25,11,90.9,63.604,9.75,10975.43,-0.15,63.653
0.1,1.5,4.0,2.5,0,11,90.9,8.114,9.01,10901.27,-1.25,7.209
0.1,1.5,4.0,2.5,12,11,63.6,2.788,2.4,10240.48,-0.51,4.708
0.1,1.5,4.0,2.5,18,11,54.5,4.089,4.54,10454.27,-0.96,4.756
0.1,1.5,4.0,2.5,25,11,90.9,63.311,7.74,10774.13,-0.12,63.146
0.1,2.0,2.5,1.5,0,11,72.7,2.175,5.11,10510.81,-1.43,3.568
0.1,2.0,2.5,1.5,12,11,72.7,2.942,4.37,10437.03,-1.34,3.26
0.1,2.0,2.5,1.5,18,11,63.6,3.533,5.88,10587.76,-1.34,4.384
0.1,2.0,2.5,1.5,25,11,72.7,2.68,5.25,10524.97,-1.43,3.667
0.1,2.0,2.5,2.0,0,11,90.9,6.879,7.79,10778.97,-1.31,5.934
0.1,2.0,2.5,2.0,12,11,72.7,4.751,3.9,10390.49,-0.62,6.252
0.1,2.0,2.5,2.0,18,11,63.6,5.44,4.99,10498.6,-0.49,10.149
0.1,2.0,2.5,2.0,25,11,90.9,47.845,7.25,10724.51,-0.15,47.279
0.1,2.0,2.5,2.5,0,11,90.9,5.747,5.98,10597.84,-1.25,4.782
0.1,2.0,2.5,2.5,12,11,72.7,4.755,3.12,10311.56,-0.5,6.234
0.1,2.0,2.5,2.5,18,11,63.6,5.455,3.97,10397.41,-0.39,10.112
0.1,2.0,2.5,2.5,25,11,90.9,47.644,5.76,10576.07,-0.12,46.99
0.1,2.0,3.0,1.5,0,11,72.7,2.394,6.09,10609.39,-1.43,4.256
0.1,2.0,3.0,1.5,12,11,72.7,2.918,4.32,10431.61,-1.34,3.219
0.1,2.0,3.0,1.5,18,11,63.6,3.799,6.52,10652.01,-1.34,4.863
0.1,2.0,3.0,1.5,25,11,72.7,2.88,5.89,10588.83,-1.43,4.113
0.1,2.0,3.0,2.0,0,11,90.9,7.843,9.09,10908.84,-1.31,6.923
0.1,2.0,3.0,2.0,12,11,72.7,4.713,3.86,10386.46,-0.62,6.188
0.1,2.0,3.0,2.0,18,11,63.6,5.857,5.47,10546.54,-0.49,11.125
0.1,2.0,3.0,2.0,25,11,90.9,52.608,8.0,10800.16,-0.15,52.215
0.1,2.0,3.0,2.5,0,11,90.9,6.548,7.0,10700.1,-1.25,5.6
0.1,2.0,3.0,2.5,12,11,72.7,4.717,3.08,10308.37,-0.5,6.17
0.1,2.0,3.0,2.5,18,11,63.6,5.874,4.35,10435.48,-0.39,11.08
0.1,2.0,3.0,2.5,25,11,90.9,52.383,6.36,10635.85,-0.12,51.867
0.1,2.0,3.5,1.5,0,11,72.7,2.701,7.49,10749.21,-1.43,5.233
0.1,2.0,3.5,1.5,12,11,72.7,3.066,4.66,10465.79,-1.34,3.474
0.1,2.0,3.5,1.5,18,11,63.6,4.226,7.57,10757.1,-1.34,5.647
0.1,2.0,3.5,1.5,25,11,72.7,3.199,6.93,10693.31,-1.43,4.842
0.1,2.0,3.5,2.0,0,11,90.9,8.602,10.12,11012.24,-1.31,7.711
0.1,2.0,3.5,2.0,12,11,72.7,4.956,4.12,10412.09,-0.62,6.598
0.1,2.0,3.5,2.0,18,11,63.6,6.528,6.25,10624.85,-0.49,12.719
0.1,2.0,3.5,2.0,25,11,90.9,59.369,9.07,10907.21,-0.15,59.201
0.1,2.0,3.5,2.5,0,11,90.9,7.18,7.81,10781.41,-1.25,6.25
0.1,2.0,3.5,2.5,12,11,72.7,4.96,3.29,10328.77,-0.5,6.579
0.1,2.0,3.5,2.5,18,11,63.6,6.549,4.98,10497.59,-0.39,12.66
0.1,2.0,3.5,2.5,25,11,90.9,59.096,7.2,10720.34,-0.12,58.758
0.1,2.0,4.0,1.5,0,11,72.7,3.007,8.9,10890.41,-1.43,6.219
0.1,2.0,4.0,1.5,12,11,72.7,3.213,5.0,10499.96,-1.34,3.729
0.1,2.0,4.0,1.5,18,11,63.6,4.65,8.63,10862.89,-1.34,6.436
0.1,2.0,4.0,1.5,25,11,72.7,3.517,7.98,10798.46,-1.43,5.577
0.1,2.0,4.0,2.0,0,11,90.9,9.335,11.13,11112.56,-1.31,8.475
0.1,2.0,4.0,2.0,12,11,72.7,5.197,4.38,10437.72,-0.62,7.008
0.1,2.0,4.0,2.0,18,11,63.6,7.197,7.04,10703.54,-0.49,14.32
0.1,2.0,4.0,2.0,25,11,90.9,63.867,9.8,10979.52,-0.15,63.92
0.1,2.0,4.0,2.5,0,11,90.9,7.789,8.6,10860.17,-1.25,6.88
0.1,2.0,4.0,2.5,12,11,72.7,5.203,3.49,10349.17,-0.5,6.987
0.1,2.0,4.0,2.5,18,11,63.6,7.222,5.6,10559.94,-0.39,14.247
0.1,2.0,4.0,2.5,25,11,90.9,63.57,7.77,10777.35,-0.12,63.409
0.1,99.0,2.5,1.5,0,11,72.7,2.175,5.11,10510.81,-1.43,3.568
0.1,99.0,2.5,1.5,12,11,72.7,2.942,4.37,10437.03,-1.34,3.26
0.1,99.0,2.5,1.5,18,11,63.6,3.533,5.88,10587.76,-1.34,4.384
0.1,99.0,2.5,1.5,25,11,72.7,2.68,5.25,10524.97,-1.43,3.667
0.1,99.0,2.5,2.0,0,11,90.9,6.879,7.79,10778.97,-1.31,5.934
0.1,99.0,2.5,2.0,12,11,72.7,4.751,3.9,10390.49,-0.62,6.252
0.1,99.0,2.5,2.0,18,11,63.6,5.44,4.99,10498.6,-0.49,10.149
0.1,99.0,2.5,2.0,25,11,90.9,47.845,7.25,10724.51,-0.15,47.279
0.1,99.0,2.5,2.5,0,11,90.9,5.747,5.98,10597.84,-1.25,4.782
0.1,99.0,2.5,2.5,12,11,72.7,4.755,3.12,10311.56,-0.5,6.234
0.1,99.0,2.5,2.5,18,11,63.6,5.455,3.97,10397.41,-0.39,10.112
0.1,99.0,2.5,2.5,25,11,90.9,47.644,5.76,10576.07,-0.12,46.99
0.1,99.0,3.0,1.5,0,11,72.7,2.394,6.09,10609.39,-1.43,4.256
0.1,99.0,3.0,1.5,12,11,72.7,2.918,4.32,10431.61,-1.34,3.219
0.1,99.0,3.0,1.5,18,11,63.6,3.799,6.52,10652.01,-1.34,4.863
0.1,99.0,3.0,1.5,25,11,72.7,2.88,5.89,10588.83,-1.43,4.113
0.1,99.0,3.0,2.0,0,11,90.9,7.843,9.09,10908.84,-1.31,6.923
0.1,99.0,3.0,2.0,12,11,72.7,4.713,3.86,10386.46,-0.62,6.188
0.1,99.0,3.0,2.0,18,11,63.6,5.857,5.47,10546.54,-0.49,11.125
0.1,99.0,3.0,2.0,25,11,90.9,52.608,8.0,10800.16,-0.15,52.215
0.1,99.0,3.0,2.5,0,11,90.9,6.548,7.0,10700.1,-1.25,5.6
0.1,99.0,3.0,2.5,12,11,72.7,4.717,3.08,10308.37,-0.5,6.17
0.1,99.0,3.0,2.5,18,11,63.6,5.874,4.35,10435.48,-0.39,11.08
0.1,99.0,3.0,2.5,25,11,90.9,52.383,6.36,10635.85,-0.12,51.867
0.1,99.0,3.5,1.5,0,11,72.7,2.701,7.49,10749.21,-1.43,5.233
0.1,99.0,3.5,1.5,12,11,72.7,3.066,4.66,10465.79,-1.34,3.474
0.1,99.0,3.5,1.5,18,11,63.6,4.226,7.57,10757.1,-1.34,5.647
0.1,99.0,3.5,1.5,25,11,72.7,3.199,6.93,10693.31,-1.43,4.842
0.1,99.0,3.5,2.0,0,11,90.9,8.602,10.12,11012.24,-1.31,7.711
0.1,99.0,3.5,2.0,12,11,72.7,4.956,4.12,10412.09,-0.62,6.598
0.1,99.0,3.5,2.0,18,11,63.6,6.528,6.25,10624.85,-0.49,12.719
0.1,99.0,3.5,2.0,25,11,90.9,59.369,9.07,10907.21,-0.15,59.201
0.1,99.0,3.5,2.5,0,11,90.9,7.18,7.81,10781.41,-1.25,6.25
0.1,99.0,3.5,2.5,12,11,72.7,4.96,3.29,10328.77,-0.5,6.579
0.1,99.0,3.5,2.5,18,11,63.6,6.549,4.98,10497.59,-0.39,12.66
0.1,99.0,3.5,2.5,25,11,90.9,59.096,7.2,10720.34,-0.12,58.758
0.1,99.0,4.0,1.5,0,11,72.7,3.007,8.9,10890.41,-1.43,6.219
0.1,99.0,4.0,1.5,12,11,72.7,3.213,5.0,10499.96,-1.34,3.729
0.1,99.0,4.0,1.5,18,11,63.6,4.65,8.63,10862.89,-1.34,6.436
0.1,99.0,4.0,1.5,25,11,72.7,3.517,7.98,10798.46,-1.43,5.577
0.1,99.0,4.0,2.0,0,11,90.9,9.335,11.13,11112.56,-1.31,8.475
0.1,99.0,4.0,2.0,12,11,72.7,5.197,4.38,10437.72,-0.62,7.008
0.1,99.0,4.0,2.0,18,11,63.6,7.197,7.04,10703.54,-0.49,14.32
0.1,99.0,4.0,2.0,25,11,90.9,63.867,9.8,10979.52,-0.15,63.92
0.1,99.0,4.0,2.5,0,11,90.9,7.789,8.6,10860.17,-1.25,6.88
0.1,99.0,4.0,2.5,12,11,72.7,5.203,3.49,10349.17,-0.5,6.987
0.1,99.0,4.0,2.5,18,11,63.6,7.222,5.6,10559.94,-0.39,14.247
0.1,99.0,4.0,2.5,25,11,90.9,63.57,7.77,10777.35,-0.12,63.409
0.15,1.3,2.5,1.5,0,10,70.0,2.033,4.47,10447.42,-1.43,3.125
0.15,1.3,2.5,1.5,12,10,60.0,1.41,1.26,10125.94,-1.34,0.939
0.15,1.3,2.5,1.5,18,10,50.0,1.871,2.81,10280.65,-1.59,1.766
0.15,1.3,2.5,1.5,25,10,70.0,2.255,3.87,10387.36,-1.43,2.706
0.15,1.3,2.5,2.0,0,10,90.0,6.511,7.3,10730.15,-1.31,5.562
0.15,1.3,2.5,2.0,12,10,60.0,1.937,1.57,10157.17,-0.64,2.462
0.15,1.3,2.5,2.0,18,10,50.0,2.48,2.69,10269.24,-1.19,2.256
0.15,1.3,2.5,2.0,25,10,90.0,41.023,6.19,10619.0,-0.15,40.394
0.15,1.3,2.5,2.5,0,10,90.0,5.442,5.59,10559.42,-1.25,4.475
0.15,1.3,2.5,2.5,12,10,60.0,1.94,1.26,10125.83,-0.51,2.464
0.15,1.3,2.5,2.5,18,10,50.0,2.484,2.15,10215.24,-0.96,2.253
0.15,1.3,2.5,2.5,25,10,90.0,40.891,4.93,10492.66,-0.12,40.187
0.15,1.3,3.0,1.5,0,10,70.0,2.397,6.1,10610.44,-1.43,4.264
0.15,1.3,3.0,1.5,12,10,60.0,1.487,1.5,10149.74,-1.34,1.117
0.15,1.3,3.0,1.5,18,10,50.0,2.151,3.73,10372.73,-1.59,2.345
0.15,1.3,3.0,1.5,25,10,70.0,2.548,4.8,10480.39,-1.43,3.355
0.15,1.3,3.0,2.0,0,10,90.0,7.85,9.1,10909.8,-1.31,6.931
0.15,1.3,3.0,2.0,12,10,60.0,2.044,1.75,10175.15,-0.64,2.743
0.15,1.3,3.0,2.0,18,10,50.0,2.855,3.38,10338.41,-1.19,2.836
0.15,1.3,3.0,2.0,25,10,90.0,47.244,7.17,10716.99,-0.15,46.788
0.15,1.3,3.0,2.5,0,10,90.0,6.554,7.01,10700.93,-1.25,5.607
0.15,1.3,3.0,2.5,12,10,60.0,2.047,1.4,10140.2,-0.51,2.745
0.15,1.3,3.0,2.5,18,10,50.0,2.859,2.7,10270.37,-0.96,2.831
0.15,1.3,3.0,2.5,25,10,90.0,47.081,5.7,10570.23,-0.12,46.514
0.15,1.3,3.5,1.5,0,10,70.0,2.619,7.11,10711.35,-1.43,4.968
0.15,1.3,3.5,1.5,12,10,60.0,1.594,1.83,10182.99,-1.34,1.365
0.15,1.3,3.5,1.5,18,10,50.0,2.458,4.75,10475.07,-1.59,2.989
0.15,1.3,3.5,1.5,25,10,70.0,2.87,5.84,10583.79,-1.43,4.078
0.15,1.3,3.5,2.0,0,10,90.0,8.384,9.83,10983.17,-1.31,7.489
0.15,1.3,3.5,2.0,12,10,60.0,2.193,2.0,10200.26,-0.64,3.137
0.15,1.3,3.5,2.0,18,10,50.0,3.267,4.15,10415.17,-1.19,3.479
0.15,1.3,3.5,2.0,25,10,90.0,53.965,8.23,10823.22,-0.15,53.72
0.15,1.3,3.5,2.5,0,10,90.0,7.0,7.59,10758.65,-1.25,6.068
0.15,1.3,3.5,2.5,12,10,60.0,2.196,1.6,10160.27,-0.51,3.138
0.15,1.3,3.5,2.5,18,10,50.0,3.273,3.31,10331.5,-0.96,3.47
0.15,1.3,3.5,2.5,25,10,90.0,53.761,6.54,10654.2,-0.12,53.363
0.15,1.3,4.0,1.5,0,10,70.0,2.925,8.52,10852.05,-1.43,5.951
0.15,1.3,4.0,1.5,12,10,60.0,1.701,2.16,10216.24,-1.34,1.613
0.15,1.3,4.0,1.5,18,10,50.0,2.763,5.78,10578.08,-1.59,3.637
0.15,1.3,4.0,1.5,25,10,70.0,3.189,6.88,10687.87,-1.43,4.805
0.15,1.3,4.0,2.0,0,10,90.0,9.116,10.83,11083.23,-1.31,8.252
0.15,1.3,4.0,2.0,12,10,60.0,2.342,2.25,10225.36,-0.64,3.53
0.15,1.3,4.0,2.0,18,10,50.0,3.678,4.92,10492.31,-1.19,4.126
0.15,1.3,4.0,2.0,25,10,90.0,58.44,8.95,10894.97,-0.15,58.403
0.15,1.3,4.0,2.5,0,10,90.0,7.608,8.37,10837.24,-1.25,6.697
0.15,1.3,4.0,2.5,12,10,60.0,2.346,1.8,10180.34,-0.51,3.531
0.15,1.3,4.0,2.5,18,10,50.0,3.686,3.93,10392.87,-0.96,4.113
0.15,1.3,4.0,2.5,25,10,90.0,58.218,7.11,10710.85,-0.12,57.985
0.15,1.5,2.5,1.5,0,11,72.7,2.329,5.81,10580.58,-1.43,4.055
0.15,1.5,2.5,1.5,12,11,63.6,1.823,2.55,10255.0,-1.34,1.902
0.15,1.5,2.5,1.5,18,11,54.5,2.263,4.12,10411.69,-1.59,2.59
0.15,1.5,2.5,1.5,25,11,72.7,2.664,5.2,10519.75,-1.43,3.63
0.15,1.5,2.5,2.0,0,11,90.9,7.285,8.33,10832.73,-1.31,6.343
0.15,1.5,2.5,2.0,12,11,63.6,2.507,2.54,10254.27,-0.64,3.983
0.15,1.5,2.5,2.0,18,11,54.5,3.002,3.67,10367.41,-1.19,3.079
0.15,1.5,2.5,2.0,25,11,90.9,47.587,7.21,10720.51,-0.15,47.018
0.15,1.5,2.5,2.5,0,11,90.9,6.083,6.4,10640.17,-1.25,5.121
0.15,1.5,2.5,2.5,12,11,63.6,2.511,2.03,10203.27,-0.51,3.98
0.15,1.5,2.5,2.5,18,11,54.5,3.008,2.93,10293.36,-0.96,3.071
0.15,1.5,2.5,2.5,25,11,90.9,47.389,5.73,10572.91,-0.12,46.732
0.15,1.5,3.0,1.5,0,11,72.7,2.625,7.15,10714.92,-1.43,4.993
0.15,1.5,3.0,1.5,12,11,63.6,1.806,2.5,10249.68,-1.34,1.862
0.15,1.5,3.0,1.5,18,11,54.5,2.453,4.75,10474.86,-1.59,2.987
0.15,1.5,3.0,1.5,25,11,72.7,2.864,5.84,10583.58,-1.43,4.076
0.15,1.5,3.0,2.0,0,11,90.9,8.457,9.9,10990.36,-1.31,7.544
0.15,1.5,3.0,2.0,12,11,63.6,2.485,2.5,10250.29,-0.64,3.92
0.15,1.5,3.0,2.0,18,11,54.5,3.258,4.15,10414.76,-1.19,3.476
0.15,1.5,3.0,2.0,25,11,90.9,52.349,7.96,10796.13,-0.15,51.953
0.15,1.5,3.0,2.5,0,11,90.9,7.055,7.64,10764.15,-1.25,6.112
0.15,1.5,3.0,2.5,12,11,63.6,2.489,2.0,10200.11,-0.51,3.918
0.15,1.5,3.0,2.5,18,11,54.5,3.264,3.31,10331.05,-0.96,3.466
0.15,1.5,3.0,2.5,25,11,90.9,52.127,6.33,10632.68,-0.12,51.608
0.15,1.5,3.5,1.5,0,11,72.7,2.847,8.17,10816.81,-1.43,5.705
0.15,1.5,3.5,1.5,12,11,63.6,1.913,2.83,10283.25,-1.34,2.113
0.15,1.5,3.5,1.5,18,11,54.5,2.758,5.78,10578.21,-1.59,3.638
0.15,1.5,3.5,1.5,25,11,72.7,3.183,6.88,10688.0,-1.43,4.805
0.15,1.5,3.5,2.0,0,11,90.9,8.993,10.64,11064.28,-1.31,8.107
0.15,1.5,3.5,2.0,12,11,63.6,2.635,2.76,10275.58,-0.64,4.316
0.15,1.5,3.5,2.0,18,11,54.5,3.669,4.92,10492.08,-1.19,4.124
0.15,1.5,3.5,2.0,25,11,90.9,59.107,9.03,10903.14,-0.15,58.936
0.15,1.5,3.5,2.5,0,11,90.9,7.502,8.22,10822.21,-1.25,6.577
0.15,1.5,3.5,2.5,12,11,63.6,2.638,2.2,10220.3,-0.51,4.313
0.15,1.5,3.5,2.5,18,11,54.5,3.677,3.93,10392.54,-0.96,4.109
0.15,1.5,3.5,2.5,25,11,90.9,58.838,7.17,10717.14,-0.12,58.497
0.15,1.5,4.0,1.5,0,11,72.7,3.152,9.59,10958.9,-1.43,6.698
0.15,1.5,4.0,1.5,12,11,63.6,2.02,3.17,10316.83,-1.34,2.363
0.15,1.5,4.0,1.5,18,11,54.5,3.062,6.82,10682.23,-1.59,4.292
0.15,1.5,4.0,1.5,25,11,72.7,3.501,7.93,10793.11,-1.43,5.54
0.15,1.5,4.0,2.0,0,11,90.9,9.729,11.65,11165.08,-1.31,8.875
0.15,1.5,4.0,2.0,12,11,63.6,2.784,3.01,10300.88,-0.64,4.713
0.15,1.5,4.0,2.0,18,11,54.5,4.079,5.7,10569.79,-1.19,4.775
0.15,1.5,4.0,2.0,25,11,90.9,63.604,9.75,10975.43,-0.15,63.653
0.15,1.5,4.0,2.5,0,11,90.9,8.114,9.01,10901.27,-1.25,7.209
0.15,1.5,4.0,2.5,12,11,63.6,2.788,2.4,10240.48,-0.51,4.708
0.15,1.5,4.0,2.5,18,11,54.5,4.089,4.54,10454.27,-0.96,4.756
0.15,1.5,4.0,2.5,25,11,90.9,63.311,7.74,10774.13,-0.12,63.146
0.15,2.0,2.5,1.5,0,11,72.7,2.175,5.11,10510.81,-1.43,3.568
0.15,2.0,2.5,1.5,12,11,72.7,2.942,4.37,10437.03,-1.34,3.26
0.15,2.0,2.5,1.5,18,11,63.6,3.533,5.88,10587.76,-1.34,4.384
0.15,2.0,2.5,1.5,25,11,72.7,2.68,5.25,10524.97,-1.43,3.667
0.15,2.0,2.5,2.0,0,11,90.9,6.879,7.79,10778.97,-1.31,5.934
0.15,2.0,2.5,2.0,12,11,72.7,4.751,3.9,10390.49,-0.62,6.252
0.15,2.0,2.5,2.0,18,11,63.6,5.44,4.99,10498.6,-0.49,10.149
0.15,2.0,2.5,2.0,25,11,90.9,47.845,7.25,10724.51,-0.15,47.279
0.15,2.0,2.5,2.5,0,11,90.9,5.747,5.98,10597.84,-1.25,4.782
0.15,2.0,2.5,2.5,12,11,72.7,4.755,3.12,10311.56,-0.5,6.234
0.15,2.0,2.5,2.5,18,11,63.6,5.455,3.97,10397.41,-0.39,10.112
0.15,2.0,2.5,2.5,25,11,90.9,47.644,5.76,10576.07,-0.12,46.99
0.15,2.0,3.0,1.5,0,11,72.7,2.394,6.09,10609.39,-1.43,4.256
0.15,2.0,3.0,1.5,12,11,72.7,2.918,4.32,10431.61,-1.34,3.219
0.15,2.0,3.0,1.5,18,11,63.6,3.799,6.52,10652.01,-1.34,4.863
0.15,2.0,3.0,1.5,25,11,72.7,2.88,5.89,10588.83,-1.43,4.113
0.15,2.0,3.0,2.0,0,11,90.9,7.843,9.09,10908.84,-1.31,6.923
0.15,2.0,3.0,2.0,12,11,72.7,4.713,3.86,10386.46,-0.62,6.188
0.15,2.0,3.0,2.0,18,11,63.6,5.857,5.47,10546.54,-0.49,11.125
0.15,2.0,3.0,2.0,25,11,90.9,52.608,8.0,10800.16,-0.15,52.215
0.15,2.0,3.0,2.5,0,11,90.9,6.548,7.0,10700.1,-1.25,5.6
0.15,2.0,3.0,2.5,12,11,72.7,4.717,3.08,10308.37,-0.5,6.17
0.15,2.0,3.0,2.5,18,11,63.6,5.874,4.35,10435.48,-0.39,11.08
0.15,2.0,3.0,2.5,25,11,90.9,52.383,6.36,10635.85,-0.12,51.867
0.15,2.0,3.5,1.5,0,11,72.7,2.701,7.49,10749.21,-1.43,5.233
0.15,2.0,3.5,1.5,12,11,72.7,3.066,4.66,10465.79,-1.34,3.474
0.15,2.0,3.5,1.5,18,11,63.6,4.226,7.57,10757.1,-1.34,5.647
0.15,2.0,3.5,1.5,25,11,72.7,3.199,6.93,10693.31,-1.43,4.842
0.15,2.0,3.5,2.0,0,11,90.9,8.602,10.12,11012.24,-1.31,7.711
0.15,2.0,3.5,2.0,12,11,72.7,4.956,4.12,10412.09,-0.62,6.598
0.15,2.0,3.5,2.0,18,11,63.6,6.528,6.25,10624.85,-0.49,12.719
0.15,2.0,3.5,2.0,25,11,90.9,59.369,9.07,10907.21,-0.15,59.201
0.15,2.0,3.5,2.5,0,11,90.9,7.18,7.81,10781.41,-1.25,6.25
0.15,2.0,3.5,2.5,12,11,72.7,4.96,3.29,10328.77,-0.5,6.579
0.15,2.0,3.5,2.5,18,11,63.6,6.549,4.98,10497.59,-0.39,12.66
0.15,2.0,3.5,2.5,25,11,90.9,59.096,7.2,10720.34,-0.12,58.758
0.15,2.0,4.0,1.5,0,11,72.7,3.007,8.9,10890.41,-1.43,6.219
0.15,2.0,4.0,1.5,12,11,72.7,3.213,5.0,10499.96,-1.34,3.729
0.15,2.0,4.0,1.5,18,11,63.6,4.65,8.63,10862.89,-1.34,6.436
0.15,2.0,4.0,1.5,25,11,72.7,3.517,7.98,10798.46,-1.43,5.577
0.15,2.0,4.0,2.0,0,11,90.9,9.335,11.13,11112.56,-1.31,8.475
0.15,2.0,4.0,2.0,12,11,72.7,5.197,4.38,10437.72,-0.62,7.008
0.15,2.0,4.0,2.0,18,11,63.6,7.197,7.04,10703.54,-0.49,14.32
0.15,2.0,4.0,2.0,25,11,90.9,63.867,9.8,10979.52,-0.15,63.92
0.15,2.0,4.0,2.5,0,11,90.9,7.789,8.6,10860.17,-1.25,6.88
0.15,2.0,4.0,2.5,12,11,72.7,5.203,3.49,10349.17,-0.5,6.987
0.15,2.0,4.0,2.5,18,11,63.6,7.222,5.6,10559.94,-0.39,14.247
0.15,2.0,4.0,2.5,25,11,90.9,63.57,7.77,10777.35,-0.12,63.409
0.15,99.0,2.5,1.5,0,11,72.7,2.175,5.11,10510.81,-1.43,3.568
0.15,99.0,2.5,1.5,12,11,72.7,2.942,4.37,10437.03,-1.34,3.26
0.15,99.0,2.5,1.5,18,11,63.6,3.533,5.88,10587.76,-1.34,4.384
0.15,99.0,2.5,1.5,25,11,72.7,2.68,5.25,10524.97,-1.43,3.667
0.15,99.0,2.5,2.0,0,11,90.9,6.879,7.79,10778.97,-1.31,5.934
0.15,99.0,2.5,2.0,12,11,72.7,4.751,3.9,10390.49,-0.62,6.252
0.15,99.0,2.5,2.0,18,11,63.6,5.44,4.99,10498.6,-0.49,10.149
0.15,99.0,2.5,2.0,25,11,90.9,47.845,7.25,10724.51,-0.15,47.279
0.15,99.0,2.5,2.5,0,11,90.9,5.747,5.98,10597.84,-1.25,4.782
0.15,99.0,2.5,2.5,12,11,72.7,4.755,3.12,10311.56,-0.5,6.234
0.15,99.0,2.5,2.5,18,11,63.6,5.455,3.97,10397.41,-0.39,10.112
0.15,99.0,2.5,2.5,25,11,90.9,47.644,5.76,10576.07,-0.12,46.99
0.15,99.0,3.0,1.5,0,11,72.7,2.394,6.09,10609.39,-1.43,4.256
0.15,99.0,3.0,1.5,12,11,72.7,2.918,4.32,10431.61,-1.34,3.219
0.15,99.0,3.0,1.5,18,11,63.6,3.799,6.52,10652.01,-1.34,4.863
0.15,99.0,3.0,1.5,25,11,72.7,2.88,5.89,10588.83,-1.43,4.113
0.15,99.0,3.0,2.0,0,11,90.9,7.843,9.09,10908.84,-1.31,6.923
0.15,99.0,3.0,2.0,12,11,72.7,4.713,3.86,10386.46,-0.62,6.188
0.15,99.0,3.0,2.0,18,11,63.6,5.857,5.47,10546.54,-0.49,11.125
0.15,99.0,3.0,2.0,25,11,90.9,52.608,8.0,10800.16,-0.15,52.215
0.15,99.0,3.0,2.5,0,11,90.9,6.548,7.0,10700.1,-1.25,5.6
0.15,99.0,3.0,2.5,12,11,72.7,4.717,3.08,10308.37,-0.5,6.17
0.15,99.0,3.0,2.5,18,11,63.6,5.874,4.35,10435.48,-0.39,11.08
0.15,99.0,3.0,2.5,25,11,90.9,52.383,6.36,10635.85,-0.12,51.867
0.15,99.0,3.5,1.5,0,11,72.7,2.701,7.49,10749.21,-1.43,5.233
0.15,99.0,3.5,1.5,12,11,72.7,3.066,4.66,10465.79,-1.34,3.474
0.15,99.0,3.5,1.5,18,11,63.6,4.226,7.57,10757.1,-1.34,5.647
0.15,99.0,3.5,1.5,25,11,72.7,3.199,6.93,10693.31,-1.43,4.842
0.15,99.0,3.5,2.0,0,11,90.9,8.602,10.12,11012.24,-1.31,7.711
0.15,99.0,3.5,2.0,12,11,72.7,4.956,4.12,10412.09,-0.62,6.598
0.15,99.0,3.5,2.0,18,11,63.6,6.528,6.25,10624.85,-0.49,12.719
0.15,99.0,3.5,2.0,25,11,90.9,59.369,9.07,10907.21,-0.15,59.201
0.15,99.0,3.5,2.5,0,11,90.9,7.18,7.81,10781.41,-1.25,6.25
0.15,99.0,3.5,2.5,12,11,72.7,4.96,3.29,10328.77,-0.5,6.579
0.15,99.0,3.5,2.5,18,11,63.6,6.549,4.98,10497.59,-0.39,12.66
0.15,99.0,3.5,2.5,25,11,90.9,59.096,7.2,10720.34,-0.12,58.758
0.15,99.0,4.0,1.5,0,11,72.7,3.007,8.9,10890.41,-1.43,6.219
0.15,99.0,4.0,1.5,12,11,72.7,3.213,5.0,10499.96,-1.34,3.729
0.15,99.0,4.0,1.5,18,11,63.6,4.65,8.63,10862.89,-1.34,6.436
0.15,99.0,4.0,1.5,25,11,72.7,3.517,7.98,10798.46,-1.43,5.577
0.15,99.0,4.0,2.0,0,11,90.9,9.335,11.13,11112.56,-1.31,8.475
0.15,99.0,4.0,2.0,12,11,72.7,5.197,4.38,10437.72,-0.62,7.008
0.15,99.0,4.0,2.0,18,11,63.6,7.197,7.04,10703.54,-0.49,14.32
0.15,99.0,4.0,2.0,25,11,90.9,63.867,9.8,10979.52,-0.15,63.92
0.15,99.0,4.0,2.5,0,11,90.9,7.789,8.6,10860.17,-1.25,6.88
0.15,99.0,4.0,2.5,12,11,72.7,5.203,3.49,10349.17,-0.5,6.987
0.15,99.0,4.0,2.5,18,11,63.6,7.222,5.6,10559.94,-0.39,14.247
0.15,99.0,4.0,2.5,25,11,90.9,63.57,7.77,10777.35,-0.12,63.409
0.2,1.3,2.5,1.5,0,10,70.0,2.008,4.36,10436.44,-1.43,3.048
0.2,1.3,2.5,1.5,12,10,60.0,1.219,0.67,10067.42,-1.34,0.503
0.2,1.3,2.5,1.5,18,10,40.0,1.658,2.12,10212.21,-1.59,1.335
0.2,1.3,2.5,1.5,25,10,70.0,2.22,3.76,10376.44,-1.43,2.629
0.2,1.3,2.5,2.0,0,10,90.0,6.447,7.22,10721.68,-1.31,5.498
0.2,1.3,2.5,2.0,12,10,60.0,1.674,1.13,10113.08,-0.64,1.771
0.2,1.3,2.5,2.0,18,10,40.0,2.196,2.18,10217.88,-1.19,1.826
0.2,1.3,2.5,2.0,25,10,90.0,40.481,6.11,10610.61,-0.15,39.847
0.2,1.3,2.5,2.5,0,10,90.0,5.389,5.53,10552.74,-1.25,4.421
0.2,1.3,2.5,2.5,12,10,60.0,1.677,0.91,10090.63,-0.51,1.774
0.2,1.3,2.5,2.5,18,10,40.0,2.2,1.74,10174.33,-0.96,1.825
0.2,1.3,2.5,2.5,25,10,90.0,40.354,4.86,10486.03,-0.12,39.646
0.2,1.3,3.0,1.5,0,10,70.0,2.371,5.99,10599.29,-1.43,4.186
0.2,1.3,3.0,1.5,12,10,60.0,1.296,0.91,10091.08,-1.34,0.679
0.2,1.3,3.0,1.5,18,10,40.0,1.937,3.04,10303.67,-1.59,1.91
0.2,1.3,3.0,1.5,25,10,70.0,2.513,4.69,10469.37,-1.43,3.278
0.2,1.3,3.0,2.0,0,10,90.0,7.785,9.01,10901.18,-1.31,6.865
0.2,1.3,3.0,2.0,12,10,60.0,1.781,1.31,10130.98,-0.64,2.051
0.2,1.3,3.0,2.0,18,10,40.0,2.569,2.87,10286.71,-1.19,2.403
0.2,1.3,3.0,2.0,25,10,90.0,46.699,7.09,10708.53,-0.15,46.236
0.2,1.3,3.0,2.5,0,10,90.0,6.501,6.94,10694.16,-1.25,5.552
0.2,1.3,3.0,2.5,12,10,60.0,1.784,1.05,10104.95,-0.51,2.055
0.2,1.3,3.0,2.5,18,10,40.0,2.574,2.29,10229.24,-0.96,2.4
0.2,1.3,3.0,2.5,25,10,90.0,46.54,5.64,10563.55,-0.12,45.969
0.2,1.3,3.5,1.5,0,10,70.0,2.594,7.0,10700.09,-1.43,4.89
0.2,1.3,3.5,1.5,12,10,60.0,1.403,1.24,10124.14,-1.34,0.926
0.2,1.3,3.5,1.5,18,10,40.0,2.243,4.05,10405.33,-1.59,2.55
0.2,1.3,3.5,1.5,25,10,70.0,2.834,5.73,10572.67,-1.43,4.0
0.2,1.3,3.5,2.0,0,10,90.0,8.319,9.74,10974.5,-1.31,7.423
0.2,1.3,3.5,2.0,12,10,60.0,1.929,1.56,10155.98,-0.64,2.443
0.2,1.3,3.5,2.0,18,10,40.0,2.98,3.63,10363.08,-1.19,3.043
0.2,1.3,3.5,2.0,25,10,90.0,53.415,8.15,10814.67,-0.15,53.163
0.2,1.3,3.5,2.5,0,10,90.0,6.946,7.52,10751.85,-1.25,6.014
0.2,1.3,3.5,2.5,12,10,60.0,1.933,1.25,10124.95,-0.51,2.446
0.2,1.3,3.5,2.5,18,10,40.0,2.986,2.9,10290.12,-0.96,3.037
0.2,1.3,3.5,2.5,25,10,90.0,53.218,6.47,10647.46,-0.12,52.814
0.2,1.3,4.0,1.5,0,10,70.0,2.899,8.41,10840.64,-1.43,5.872
0.2,1.3,4.0,1.5,12,10,60.0,1.51,1.57,10157.2,-1.34,1.172
0.2,1.3,4.0,1.5,18,10,40.0,2.547,5.08,10507.66,-1.59,3.194
0.2,1.3,4.0,1.5,25,10,70.0,3.154,6.77,10676.64,-1.43,4.726
0.2,1.3,4.0,2.0,0,10,90.0,9.05,10.74,11074.48,-1.31,8.185
0.2,1.3,4.0,2.0,12,10,60.0,2.078,1.81,10180.98,-0.64,2.835
0.2,1.3,4.0,2.0,18,10,40.0,3.389,4.4,10439.83,-1.19,3.686
0.2,1.3,4.0,2.0,25,10,90.0,57.888,8.86,10886.37,-0.15,57.841
0.2,1.3,4.0,2.5,0,10,90.0,7.554,8.3,10830.39,-1.25,6.642
0.2,1.3,4.0,2.5,12,10,60.0,2.082,1.45,10144.95,-0.51,2.838
0.2,1.3,4.0,2.5,18,10,40.0,3.398,3.51,10351.24,-0.96,3.677
0.2,1.3,4.0,2.5,25,10,90.0,57.673,7.04,10704.08,-0.12,57.432
0.2,1.5,2.5,1.5,0,11,72.7,2.304,5.69,10569.46,-1.43,3.977
0.2,1.5,2.5,1.5,12,11,63.6,1.631,1.96,10195.74,-1.34,1.46
0.2,1.5,2.5,1.5,18,11,45.5,2.049,3.42,10342.37,-1.59,2.154
0.2,1.5,2.5,1.5,25,11,72.7,2.629,5.09,10508.7,-1.43,3.553
0.2,1.5,2.5,2.0,0,11,90.9,7.221,8.24,10824.18,-1.31,6.278
0.2,1.5,2.5,2.0,12,11,63.6,2.243,2.1,10209.76,-0.64,3.285
0.2,1.5,2.5,2.0,18,11,45.5,2.717,3.16,10315.56,-1.19,2.644
0.2,1.5,2.5,2.0,25,11,90.9,47.039,7.12,10712.05,-0.15,46.466
0.2,1.5,2.5,2.5,0,11,90.9,6.03,6.33,10633.44,-1.25,5.067
0.2,1.5,2.5,2.5,12,11,63.6,2.247,1.68,10167.8,-0.51,3.285
0.2,1.5,2.5,2.5,18,11,45.5,2.724,2.52,10252.14,-0.96,2.64
0.2,1.5,2.5,2.5,25,11,90.9,46.848,5.66,10566.22,-0.12,46.187
0.2,1.5,3.0,1.5,0,11,72.7,2.599,7.04,10703.66,-1.43,4.915
0.2,1.5,3.0,1.5,12,11,63.6,1.615,1.9,10190.44,-1.34,1.42
0.2,1.5,3.0,1.5,18,11,45.5,2.238,4.05,10405.13,-1.59,2.549
0.2,1.5,3.0,1.5,25,11,72.7,2.828,5.72,10572.46,-1.43,3.998
0.2,1.5,3.0,2.0,0,11,90.9,8.391,9.82,10981.69,-1.31,7.478
0.2,1.5,3.0,2.0,12,11,63.6,2.221,2.06,10205.79,-0.64,3.223
0.2,1.5,3.0,2.0,18,11,45.5,2.971,3.63,10362.67,-1.19,3.039
0.2,1.5,3.0,2.0,25,11,90.9,51.799,7.88,10787.61,-0.15,51.396
0.2,1.5,3.0,2.5,0,11,90.9,7.001,7.57,10757.34,-1.25,6.058
0.2,1.5,3.0,2.5,12,11,63.6,2.225,1.65,10164.65,-0.51,3.224
0.2,1.5,3.0,2.5,18,11,45.5,2.979,2.9,10289.67,-0.96,3.033
0.2,1.5,3.0,2.5,25,11,90.9,51.584,6.26,10625.95,-0.12,51.059
0.2,1.5,3.5,1.5,0,11,72.7,2.821,8.05,10805.45,-1.43,5.626
0.2,1.5,3.5,1.5,12,11,63.6,1.722,2.24,10223.83,-1.34,1.669
0.2,1.5,3.5,1.5,18,11,45.5,2.543,5.08,10507.79,-1.59,3.195
0.2,1.5,3.5,1.5,25,11,72.7,3.148,6.77,10676.77,-1.43,4.727
0.2,1.5,3.5,2.0,0,11,90.9,8.928,10.56,11055.54,-1.31,8.041
0.2,1.5,3.5,2.0,12,11,63.6,2.37,2.31,10230.98,-0.64,3.618
0.2,1.5,3.5,2.0,18,11,45.5,3.381,4.4,10439.61,-1.19,3.684
0.2,1.5,3.5,2.0,25,11,90.9,58.554,8.95,10894.54,-0.15,58.374
0.2,1.5,3.5,2.5,0,11,90.9,7.448,8.15,10815.37,-1.25,6.522
0.2,1.5,3.5,2.5,12,11,63.6,2.374,1.85,10184.77,-0.51,3.617
0.2,1.5,3.5,2.5,18,11,45.5,3.39,3.51,10350.92,-0.96,3.674
0.2,1.5,3.5,2.5,25,11,90.9,58.291,7.1,10710.36,-0.12,57.945
0.2,1.5,4.0,1.5,0,11,72.7,3.126,9.47,10947.38,-1.43,6.617
0.2,1.5,4.0,1.5,12,11,63.6,1.828,2.57,10257.21,-1.34,1.918
0.2,1.5,4.0,1.5,18,11,45.5,2.845,6.11,10611.12,-1.59,3.845
0.2,1.5,4.0,1.5,25,11,72.7,3.465,7.82,10781.77,-1.43,5.46
0.2,1.5,4.0,2.0,0,11,90.9,9.663,11.56,11156.26,-1.31,8.808
0.2,1.5,4.0,2.0,12,11,63.6,2.519,2.56,10256.16,-0.64,4.012
0.2,1.5,4.0,2.0,18,11,45.5,3.789,5.17,10516.93,-1.19,4.332
0.2,1.5,4.0,2.0,25,11,90.9,63.048,9.67,10966.76,-0.15,63.088
0.2,1.5,4.0,2.5,0,11,90.9,8.059,8.94,10894.38,-1.25,7.154
0.2,1.5,4.0,2.5,12,11,63.6,2.523,2.05,10204.89,-0.51,4.011
0.2,1.5,4.0,2.5,18,11,45.5,3.8,4.12,10412.4,-0.96,4.317
0.2,1.5,4.0,2.5,25,11,90.9,62.763,7.67,10767.32,-0.12,62.591
0.2,2.0,2.5,1.5,0,11,72.7,2.149,5.0,10499.77,-1.43,3.491
0.2,2.0,2.5,1.5,12,11,72.7,2.674,3.77,10376.72,-1.34,2.81
0.2,2.0,2.5,1.5,18,11,54.5,3.226,5.17,10517.28,-1.34,3.849
0.2,2.0,2.5,1.5,25,11,72.7,2.645,5.14,10513.91,-1.43,3.589
0.2,2.0,2.5,2.0,0,11,90.9,6.815,7.7,10770.46,-1.31,5.869
0.2,2.0,2.5,2.0,12,11,72.7,4.318,3.45,10345.38,-0.62,5.53
0.2,2.0,2.5,2.0,18,11,54.5,4.964,4.46,10446.09,-0.49,9.08
0.2,2.0,2.5,2.0,25,11,90.9,47.298,7.16,10716.04,-0.15,46.726
0.2,2.0,2.5,2.5,0,11,90.9,5.694,5.91,10591.14,-1.25,4.728
0.2,2.0,2.5,2.5,12,11,72.7,4.323,2.76,10275.72,-0.5,5.517
0.2,2.0,2.5,2.5,18,11,54.5,4.979,3.56,10355.77,-0.39,9.052
0.2,2.0,2.5,2.5,25,11,90.9,47.103,5.69,10569.38,-0.12,46.445
0.2,2.0,3.0,1.5,0,11,72.7,2.369,5.98,10598.24,-1.43,4.178
0.2,2.0,3.0,1.5,12,11,72.7,2.65,3.71,10371.33,-1.34,2.77
0.2,2.0,3.0,1.5,18,11,54.5,3.491,5.81,10581.09,-1.34,4.324
0.2,2.0,3.0,1.5,25,11,72.7,2.844,5.78,10577.71,-1.43,4.035
0.2,2.0,3.0,2.0,0,11,90.9,7.778,9.0,10900.22,-1.31,6.858
0.2,2.0,3.0,2.0,12,11,72.7,4.28,3.41,10341.37,-0.62,5.466
0.2,2.0,3.0,2.0,18,11,54.5,5.379,4.94,10493.8,-0.49,10.051
0.2,2.0,3.0,2.0,25,11,90.9,52.059,7.92,10791.63,-0.15,51.659
0.2,2.0,3.0,2.5,0,11,90.9,6.494,6.93,10693.34,-1.25,5.546
0.2,2.0,3.0,2.5,12,11,72.7,4.285,2.73,10272.54,-0.5,5.453
0.2,2.0,3.0,2.5,18,11,54.5,5.396,3.94,10393.69,-0.39,10.017
0.2,2.0,3.0,2.5,25,11,90.9,51.84,6.29,10629.13,-0.12,51.318
0.2,2.0,3.5,1.5,0,11,72.7,2.676,7.38,10737.91,-1.43,5.154
0.2,2.0,3.5,1.5,12,11,72.7,2.798,4.05,10405.3,-1.34,3.023
0.2,2.0,3.5,1.5,18,11,54.5,3.917,6.85,10685.49,-1.34,5.101
0.2,2.0,3.5,1.5,25,11,72.7,3.164,6.82,10682.07,-1.43,4.764
0.2,2.0,3.5,2.0,0,11,90.9,8.537,10.04,11003.55,-1.31,7.645
0.2,2.0,3.5,2.0,12,11,72.7,4.522,3.67,10366.89,-0.62,5.874
0.2,2.0,3.5,2.0,18,11,54.5,6.047,5.72,10571.71,-0.49,11.637
0.2,2.0,3.5,2.0,25,11,90.9,58.815,8.99,10898.6,-0.15,58.639
0.2,2.0,3.5,2.5,0,11,90.9,7.126,7.75,10774.59,-1.25,6.196
0.2,2.0,3.5,2.5,12,11,72.7,4.528,2.93,10292.87,-0.5,5.86
0.2,2.0,3.5,2.5,18,11,54.5,6.069,4.56,10455.55,-0.39,11.591
0.2,2.0,3.5,2.5,25,11,90.9,58.549,7.14,10713.56,-0.12,58.206
0.2,2.0,4.0,1.5,0,11,72.7,2.981,8.79,10878.96,-1.43,6.139
0.2,2.0,4.0,1.5,12,11,72.7,2.944,4.39,10439.28,-1.34,3.276
0.2,2.0,4.0,1.5,18,11,54.5,4.339,7.91,10790.57,-1.34,5.882
0.2,2.0,4.0,1.5,25,11,72.7,3.481,7.87,10787.12,-1.43,5.498
0.2,2.0,4.0,2.0,0,11,90.9,9.27,11.04,11103.79,-1.31,8.408
0.2,2.0,4.0,2.0,12,11,72.7,4.763,3.92,10392.41,-0.62,6.283
0.2,2.0,4.0,2.0,18,11,54.5,6.712,6.5,10650.01,-0.49,13.231
0.2,2.0,4.0,2.0,25,11,90.9,63.31,9.71,10970.85,-0.15,63.354
0.2,2.0,4.0,2.5,0,11,90.9,7.735,8.53,10853.3,-1.25,6.825
0.2,2.0,4.0,2.5,12,11,72.7,4.77,3.13,10313.2,-0.5,6.267
0.2,2.0,4.0,2.5,18,11,54.5,6.739,5.18,10517.65,-0.39,13.171
0.2,2.0,4.0,2.5,25,11,90.9,63.021,7.71,10770.53,-0.12,62.853
0.2,99.0,2.5,1.5,0,11,72.7,2.149,5.0,10499.77,-1.43,3.491
0.2,99.0,2.5,1.5,12,11,72.7,2.674,3.77,10376.72,-1.34,2.81
0.2,99.0,2.5,1.5,18,11,54.5,3.226,5.17,10517.28,-1.34,3.849
0.2,99.0,2.5,1.5,25,11,72.7,2.645,5.14,10513.91,-1.43,3.589
0.2,99.0,2.5,2.0,0,11,90.9,6.815,7.7,10770.46,-1.31,5.869
0.2,99.0,2.5,2.0,12,11,72.7,4.318,3.45,10345.38,-0.62,5.53
0.2,99.0,2.5,2.0,18,11,54.5,4.964,4.46,10446.09,-0.49,9.08
0.2,99.0,2.5,2.0,25,11,90.9,47.298,7.16,10716.04,-0.15,46.726
0.2,99.0,2.5,2.5,0,11,90.9,5.694,5.91,10591.14,-1.25,4.728
0.2,99.0,2.5,2.5,12,11,72.7,4.323,2.76,10275.72,-0.5,5.517
0.2,99.0,2.5,2.5,18,11,54.5,4.979,3.56,10355.77,-0.39,9.052
0.2,99.0,2.5,2.5,25,11,90.9,47.103,5.69,10569.38,-0.12,46.445
0.2,99.0,3.0,1.5,0,11,72.7,2.369,5.98,10598.24,-1.43,4.178
0.2,99.0,3.0,1.5,12,11,72.7,2.65,3.71,10371.33,-1.34,2.77
0.2,99.0,3.0,1.5,18,11,54.5,3.491,5.81,10581.09,-1.34,4.324
0.2,99.0,3.0,1.5,25,11,72.7,2.844,5.78,10577.71,-1.43,4.035
0.2,99.0,3.0,2.0,0,11,90.9,7.778,9.0,10900.22,-1.31,6.858
0.2,99.0,3.0,2.0,12,11,72.7,4.28,3.41,10341.37,-0.62,5.466
0.2,99.0,3.0,2.0,18,11,54.5,5.379,4.94,10493.8,-0.49,10.051
0.2,99.0,3.0,2.0,25,11,90.9,52.059,7.92,10791.63,-0.15,51.659
0.2,99.0,3.0,2.5,0,11,90.9,6.494,6.93,10693.34,-1.25,5.546
0.2,99.0,3.0,2.5,12,11,72.7,4.285,2.73,10272.54,-0.5,5.453
0.2,99.0,3.0,2.5,18,11,54.5,5.396,3.94,10393.69,-0.39,10.017
0.2,99.0,3.0,2.5,25,11,90.9,51.84,6.29,10629.13,-0.12,51.318
0.2,99.0,3.5,1.5,0,11,72.7,2.676,7.38,10737.91,-1.43,5.154
0.2,99.0,3.5,1.5,12,11,72.7,2.798,4.05,10405.3,-1.34,3.023
0.2,99.0,3.5,1.5,18,11,54.5,3.917,6.85,10685.49,-1.34,5.101
0.2,99.0,3.5,1.5,25,11,72.7,3.164,6.82,10682.07,-1.43,4.764
0.2,99.0,3.5,2.0,0,11,90.9,8.537,10.04,11003.55,-1.31,7.645
0.2,99.0,3.5,2.0,12,11,72.7,4.522,3.67,10366.89,-0.62,5.874
0.2,99.0,3.5,2.0,18,11,54.5,6.047,5.72,10571.71,-0.49,11.637
0.2,99.0,3.5,2.0,25,11,90.9,58.815,8.99,10898.6,-0.15,58.639
0.2,99.0,3.5,2.5,0,11,90.9,7.126,7.75,10774.59,-1.25,6.196
0.2,99.0,3.5,2.5,12,11,72.7,4.528,2.93,10292.87,-0.5,5.86
0.2,99.0,3.5,2.5,18,11,54.5,6.069,4.56,10455.55,-0.39,11.591
0.2,99.0,3.5,2.5,25,11,90.9,58.549,7.14,10713.56,-0.12,58.206
0.2,99.0,4.0,1.5,0,11,72.7,2.981,8.79,10878.96,-1.43,6.139
0.2,99.0,4.0,1.5,12,11,72.7,2.944,4.39,10439.28,-1.34,3.276
0.2,99.0,4.0,1.5,18,11,54.5,4.339,7.91,10790.57,-1.34,5.882
0.2,99.0,4.0,1.5,25,11,72.7,3.481,7.87,10787.12,-1.43,5.498
0.2,99.0,4.0,2.0,0,11,90.9,9.27,11.04,11103.79,-1.31,8.408
0.2,99.0,4.0,2.0,12,11,72.7,4.763,3.92,10392.41,-0.62,6.283
0.2,99.0,4.0,2.0,18,11,54.5,6.712,6.5,10650.01,-0.49,13.231
0.2,99.0,4.0,2.0,25,11,90.9,63.31,9.71,10970.85,-0.15,63.354
0.2,99.0,4.0,2.5,0,11,90.9,7.735,8.53,10853.3,-1.25,6.825
0.2,99.0,4.0,2.5,12,11,72.7,4.77,3.13,10313.2,-0.5,6.267
0.2,99.0,4.0,2.5,18,11,54.5,6.739,5.18,10517.65,-0.39,13.171
0.2,99.0,4.0,2.5,25,11,90.9,63.021,7.71,10770.53,-0.12,62.853
