em,at,pb,mb,pm,sl,tp,ta,td,rl,rh,rs,rx,vm,dl,ds,pf,wr,np,n,dd
34,28,0.1,0.15,2.0,1.0,3.0,99.0,0.5,42,70,30,58,1.0,True,False,3.604568195569476,57.14285714285714,9.060435672273798,7,-1.110933484949846
34,25,0.1,0.15,2.0,1.0,3.0,99.0,0.5,42,70,30,58,1.0,True,False,3.3913553645799666,55.55555555555556,11.051982873152392,9,-2.0832619171130733
34,28,0.1,0.15,2.0,1.0,2.5,99.0,0.5,42,70,30,58,1.0,True,False,2.9119201816406477,57.14285714285714,6.548288796812103,7,-1.1109334849498522
34,25,0.1,0.15,2.0,1.0,2.5,99.0,0.5,42,70,30,58,1.0,True,False,2.7542059646480466,55.55555555555556,7.967110827263332,9,-2.083261917113083
34,33,0.15,0.15,2.0,1.0,3.0,99.0,0.5,42,70,30,58,1.0,True,False,2.7161801751007166,50.0,5.909272269930134,6,-2.147201603542966
34,33,0.1,0.15,2.0,1.0,3.0,99.0,0.5,42,70,30,58,1.0,True,False,2.7161801751007166,50.0,5.909272269930134,6,-2.147201603542966
50,28,0.1,0.15,2.0,1.0,3.0,99.0,0.5,42,70,30,58,1.0,True,False,2.709238149963293,50.0,11.885521585525384,12,-3.15696523606941
34,28,0.15,0.15,2.0,1.0,3.0,99.0,0.5,42,70,30,58,1.0,True,False,2.6283918480023836,50.0,7.768468385377838,8,-2.2824072479288073
34,28,0.1,0.15,2.0,1.5,3.0,99.0,0.5,42,70,30,58,1.0,True,False,2.494585041814443,57.14285714285714,4.935172568087891,7,-1.0737556566332387
34,25,0.15,0.15,2.0,1.0,3.0,99.0,0.5,42,70,30,58,1.0,True,False,2.451201731857838,50.0,9.24891103637943,10,-2.0832619171130733
34,25,0.25,0.15,2.0,1.0,2.5,99.0,0.5,42,70,30,58,1.0,True,False,2.344333942320842,53.333333333333336,11.684573490899746,15,-2.6592232258993342
34,25,0.1,0.15,2.0,1.5,3.0,99.0,0.5,42,70,30,58,1.0,True,False,2.3374135714776063,55.55555555555556,5.863393425372687,9,-2.0517836677945906
34,28,0.1,0.15,2.0,1.0,2.0,99.0,0.5,42,70,30,58,1.0,True,False,2.326664648242493,57.14285714285714,4.48430503077012,7,-1.1109334849498431
50,28,0.15,0.15,2.0,1.0,3.0,99.0,0.5,42,70,30,58,1.0,True,False,2.2814241138507074,46.15384615384615,10.560087362979576,13,-3.15696523606941
34,25,0.25,0.15,2.0,1.0,3.0,99.0,0.5,42,70,30,58,1.0,True,False,2.2570052594149246,46.666666666666664,12.162489111489268,15,-3.1895867813368124
50,28,0.1,0.15,2.0,1.0,2.5,99.0,0.5,42,70,30,58,1.0,True,False,2.2093871181709033,50.0,8.249496137146998,12,-3.1569652360694116
34,25,0.1,0.15,2.0,1.0,2.0,99.0,0.5,42,70,30,58,1.0,True,False,2.1976136848283923,55.55555555555556,5.3589974003534735,9,-2.0832619171130773
34,33,0.15,0.15,2.0,1.0,2.5,99.0,0.5,42,70,30,58,1.0,True,False,2.1888731083492883,50.0,4.038344141673352,6,-2.1472016035429577
34,33,0.1,0.15,2.0,1.0,2.5,99.0,0.5,42,70,30,58,1.0,True,False,2.1888731083492883,50.0,4.038344141673352,6,-2.1472016035429577
50,33,0.15,0.15,2.0,1.0,3.0,99.0,0.5,42,70,30,58,1.0,True,False,2.186813637350785,44.44444444444444,6.709966935774029,9,-2.1247439042447596
50,33,0.1,0.15,2.0,1.0,3.0,99.0,0.5,42,70,30,58,1.0,True,False,2.186813637350785,44.44444444444444,6.709966935774029,9,-2.1247439042447596
34,28,0.25,0.15,2.0,1.0,2.5,99.0,0.5,42,70,30,58,1.0,True,False,2.1583859747115373,50.0,8.136687229363034,12,-2.224850047641202
34,28,0.15,0.15,2.0,1.0,2.5,99.0,0.5,42,70,30,58,1.0,True,False,2.1277724605952684,50.0,5.2860812625062685,8,-2.2824072479287816
34,20,0.1,0.15,2.0,1.0,2.5,99.0,0.5,42,70,30,58,1.0,True,False,2.105860137204564,52.63157894736842,13.75408926631615,19,-4.5875775752031185
34,25,0.25,0.15,2.0,1.5,3.0,99.0,0.5,42,70,30,58,1.0,True,False,2.104729887115726,53.333333333333336,8.67325239808304,15,-2.150692187727568
34,20,0.25,0.15,2.0,1.5,2.5,99.0,0.5,42,70,30,58,1.0,True,False,2.07790628815894,59.25925925925925,14.556477284809588,27,-4.619091004141755
34,20,0.25,0.15,2.0,1.5,3.0,99.0,0.5,42,70,30,58,1.0,True,False,2.0532281408130824,53.84615384615385,15.32579295372172,26,-4.602415987875587
34,33,0.25,0.15,2.0,1.0,3.0,99.0,0.5,42,70,30,58,1.0,True,False,2.047509814095448,42.857142857142854,4.7488606240983975,7,-2.171017791515677
50,25,0.1,0.15,2.0,1.0,3.0,99.0,0.5,42,70,30,58,1.0,True,False,2.0412417890926657,42.857142857142854,9.541112506718928,14,-3.15696523606941
34,28,0.1,0.15,2.0,1.5,2.5,99.0,0.5,42,70,30,58,1.0,True,False,2.0107752970699933,57.14285714285714,3.303085524452472,7,-1.0737556566332302
34,25,0.15,0.15,2.0,1.0,2.5,99.0,0.5,42,70,30,58,1.0,True,False,1.9937664594241686,50.0,6.214125857578037,10,-2.083261917113083
34,33,0.1,0.15,2.0,1.0,1.5,99.0,0.5,42,70,30,58,1.0,True,True,1.9744013748670806,58.333333333333336,5.338388362554506,12,-2.06001805667551
34,33,0.15,0.15,2.0,1.0,1.5,99.0,0.5,42,70,30,58,1.0,True,True,1.9744013748670806,58.333333333333336,5.338388362554506,12,-2.06001805667551
34,20,0.1,0.15,2.0,1.5,2.5,99.0,0.5,42,70,30,58,1.0,True,False,1.9711383092561732,57.89473684210527,9.308294527587368,19,-3.990999800305764
50,28,0.25,0.15,2.0,1.0,2.5,99.0,0.5,42,70,30,58,1.0,True,False,1.9466341184767613,47.05882352941176,9.863255794203232,17,-3.288876341949433
34,20,0.25,0.15,2.0,1.5,2.0,99.0,0.5,42,70,30,58,1.0,True,False,1.9334417647450257,62.96296296296296,11.159980863075798,27,-4.25265496179439
34,28,0.25,0.15,2.0,1.0,3.0,99.0,0.5,42,70,30,58,1.0,True,False,1.9283856469795968,41.66666666666667,7.428950100806341,12,-3.1895867813368124
34,20,0.25,0.15,2.0,1.0,2.5,99.0,0.5,42,70,30,58,1.0,True,False,1.9224059448040656,50.0,19.23030429215958,30,-7.124806872716522
34,28,0.1,0.15,2.0,2.0,3.0,99.0,0.5,42,70,30,58,1.0,True,False,1.9067586080532846,57.14285714285714,2.9163171702259025,7,-1.0551667424749218
34,20,0.15,0.15,2.0,1.5,2.5,99.0,0.5,42,70,30,58,1.0,True,False,1.8988288375214672,57.14285714285714,9.812106839354273,21,-5.0734399450190715
34,25,0.1,0.15,2.0,1.5,2.5,99.0,0.5,42,70,30,58,1.0,True,False,1.8945252649148463,55.55555555555556,3.8762794261592717,9,-2.0517836677945844
50,28,0.25,0.15,2.0,1.0,3.0,99.0,0.5,42,70,30,58,1.0,True,False,1.8937155519090971,41.17647058823529,10.211774245367886,17,-4.165268806891538
34,25,0.25,0.15,2.0,1.0,2.0,99.0,0.5,42,70,30,58,1.0,True,False,1.8890349906983772,53.333333333333336,7.557119506204417,15,-2.659223225899348
34,33,0.15,0.15,2.0,1.5,3.0,99.0,0.5,42,70,30,58,1.0,True,False,1.882410516737373,50.0,2.8942027266610784,6,-2.0944170910635505
34,33,0.1,0.15,2.0,1.5,3.0,99.0,0.5,42,70,30,58,1.0,True,False,1.882410516737373,50.0,2.8942027266610784,6,-2.0944170910635505
34,28,0.1,0.15,2.0,1.0,2.0,2.0,0.5,42,70,30,58,1.0,True,False,1.8709839362524119,57.14285714285714,2.9088138814173723,7,-1.1109334849498438
50,28,0.1,0.15,2.0,1.5,3.0,99.0,0.5,42,70,30,58,1.0,True,False,1.8667835881445536,50.0,5.692308068538605,12,-3.094114766377796
34,28,0.1,0.15,2.0,1.0,1.5,99.0,0.5,42,70,30,58,1.0,True,False,1.8648749954004529,57.14285714285714,2.8976302886226404,7,-1.1109334849498573
50,28,0.15,0.15,2.0,1.0,2.5,99.0,0.5,42,70,30,58,1.0,True,False,1.8630448474447046,46.15384615384615,6.967135517825554,13,-3.1569652360694116
34,25,0.15,0.15,2.0,1.5,3.0,99.0,0.5,42,70,30,58,1.0,True,False,1.8406926763679037,50.0,4.66985129223036,10,-2.0517836677945906
34,28,0.1,0.15,2.0,1.0,1.5,2.0,0.5,42,70,30,58,1.0,True,False,1.8267926173624462,57.14285714285714,2.767699928201291,7,-1.11093348494985
50,33,0.25,0.15,2.0,1.0,3.0,99.0,0.5,42,70,30,58,1.0,True,False,1.8245515717713834,40.0,5.540782352548923,10,-3.1893611983748813
50,20,0.1,0.15,2.0,1.0,2.5,99.0,0.5,42,70,30,58,1.0,True,False,1.807496982635868,47.82608695652174,12.945038788283746,23,-6.365878965641417
34,25,0.25,0.15,2.0,1.5,2.0,99.0,0.5,42,70,30,58,1.0,True,False,1.8064343626162702,60.0,5.303149497863233,15,-2.0517836677945844
34,25,0.1,0.15,2.0,2.0,3.0,99.0,0.5,42,70,30,58,1.0,True,False,1.78285859271218,55.55555555555556,3.342069613987696,9,-2.036042646540633
34,28,0.1,0.15,2.0,1.0,1.5,99.0,0.5,42,70,30,58,1.0,True,True,1.7778905362050943,55.00000000000001,7.7686833912976,20,-3.075122565276826
50,33,0.1,0.15,2.0,1.0,2.5,99.0,0.5,42,70,30,58,1.0,True,False,1.7740231941100941,44.44444444444444,4.316024904974947,9,-2.124743904244751
50,33,0.15,0.15,2.0,1.0,2.5,99.0,0.5,42,70,30,58,1.0,True,False,1.7740231941100941,44.44444444444444,4.316024904974947,9,-2.124743904244751
34,28,0.25,0.15,2.0,1.5,3.0,99.0,0.5,42,70,30,58,1.0,True,False,1.7672035721086323,50.0,5.350115828652597,12,-2.395338573165464
50,28,0.1,0.15,2.0,1.0,2.0,99.0,0.5,42,70,30,58,1.0,True,False,1.7636468453527885,50.0,5.119317048834655,12,-3.1569652360693987
34,20,0.1,0.15,2.0,1.5,3.0,99.0,0.5,42,70,30,58,1.0,True,False,1.7614769263939258,50.0,8.006386173931187,18,-3.636461208764769
34,33,0.1,0.15,2.0,1.0,2.0,99.0,0.5,42,70,30,58,1.0,True,False,1.7513829004815427,50.0,2.5232215320606883,6,-2.1472016035429675
34,33,0.15,0.15,2.0,1.0,2.0,99.0,0.5,42,70,30,58,1.0,True,False,1.7513829004815427,50.0,2.5232215320606883,6,-2.1472016035429675
50,25,0.25,0.15,2.0,1.0,3.0,99.0,0.5,42,70,30,58,1.0,True,False,1.7501994603791113,40.0,10.636510226289829,20,-4.165268806891538
34,28,0.25,0.15,2.0,1.0,2.0,99.0,0.5,42,70,30,58,1.0,True,False,1.749128502079075,50.0,5.1643167517908655,12,-2.224850047641205
34,20,0.15,0.15,2.0,1.5,3.0,99.0,0.5,42,70,30,58,1.0,True,False,1.747710432997812,50.0,8.859946566294056,20,-4.722898549611132
34,28,0.1,0.15,2.0,1.0,2.5,2.0,0.5,42,70,30,58,1.0,True,False,1.7409541602129637,57.14285714285714,2.470910002117216,7,-1.1109334849498527
34,28,0.1,0.15,2.0,1.0,3.0,2.0,0.5,42,70,30,58,1.0,True,False,1.7409541602129637,57.14285714285714,2.470910002117216,7,-1.1109334849498527
34,20,0.1,0.15,2.0,1.0,3.0,99.0,0.5,42,70,30,58,1.0,True,False,1.7408804200194086,42.10526315789473,10.552898092486684,19,-4.587577575203125
34,28,0.15,0.15,2.0,1.5,3.0,99.0,0.5,42,70,30,58,1.0,True,False,1.736153062508368,50.0,3.4926907829333866,8,-2.4336362576439154
34,25,0.1,0.15,2.0,1.0,1.5,99.0,0.5,42,70,30,58,1.0,True,False,1.734042063715892,55.55555555555556,3.2502402669284858,9,-2.083261917113081
50,25,0.25,0.15,2.0,1.0,2.5,99.0,0.5,42,70,30,58,1.0,True,False,1.7316144662426314,45.0,9.63036251667918,20,-3.7185225064066865
34,33,0.15,0.15,2.0,1.0,1.5,2.0,0.5,42,70,30,58,1.0,True,True,1.7269032640156514,58.333333333333336,3.9702589384452405,12,-2.06001805667551
34,33,0.1,0.15,2.0,1.0,1.5,2.0,0.5,42,70,30,58,1.0,True,True,1.7269032640156514,58.333333333333336,3.9702589384452405,12,-2.06001805667551
34,25,0.25,0.15,2.0,1.5,2.5,99.0,0.5,42,70,30,58,1.0,True,False,1.71413124954948,53.333333333333336,5.513370705204088,15,-2.150692187727569
50,25,0.15,0.15,2.0,1.0,3.0,99.0,0.5,42,70,30,58,1.0,True,False,1.712787229776959,40.0,7.7625715944395965,15,-3.15696523606941
34,25,0.25,0.15,2.0,1.0,1.5,99.0,0.5,42,70,30,58,1.0,True,False,1.7101891594958505,56.25,5.645512397088623,16,-2.224850047641186
34,28,0.15,0.15,2.0,1.0,2.0,99.0,0.5,42,70,30,58,1.0,True,False,1.7030369160294168,50.0,3.2465481553120115,8,-2.2824072479288007
34,20,0.15,0.15,2.0,1.0,2.5,99.0,0.5,42,70,30,58,1.0,True,False,1.6986389623846028,47.61904761904761,10.689356140570762,21,-6.136721024077363
34,20,0.1,0.15,2.0,1.0,2.0,99.0,0.5,42,70,30,58,1.0,True,False,1.67579207803609,52.63157894736842,8.124793998961904,19,-4.788222363665086
50,28,0.1,0.15,2.0,1.0,3.0,99.0,0.5,42,70,30,58,1.0,True,True,1.6673591626242723,37.5,11.437477701647712,24,-4.112874954370093
50,25,0.1,0.15,2.0,1.0,2.5,99.0,0.5,42,70,30,58,1.0,True,False,1.6659505519217006,42.857142857142854,5.981275031110854,14,-3.1569652360694116
50,20,0.25,0.15,2.0,1.0,2.5,99.0,0.5,42,70,30,58,1.0,True,False,1.6478121411352726,45.45454545454545,15.643433210844341,33,-8.13550997697703
34,28,0.1,0.15,2.0,1.0,2.5,99.0,0.5,42,70,30,58,1.0,True,True,1.6477572410507646,42.10526315789473,8.027644572417685,19,-3.126896337509811
34,20,0.25,0.15,2.0,2.0,2.5,99.0,0.5,42,70,30,58,1.0,True,False,1.6469942485991478,59.25925925925925,8.028100508660954,27,-4.921501225864183
34,33,0.25,0.15,2.0,1.0,2.5,99.0,0.5,42,70,30,58,1.0,True,False,1.6466793051762685,42.857142857142854,2.8984316149651383,7,-2.1710177915156614
34,25,0.1,0.15,2.0,1.0,2.0,2.0,0.5,42,70,30,58,1.0,True,False,1.6362578564788193,55.55555555555556,2.803937894718038,9,-2.0832619171130915
34,28,0.1,0.15,2.0,1.0,3.0,99.0,0.5,42,70,30,58,1.0,True,True,1.6358367689519346,36.84210526315789,8.623704802331412,19,-3.1268963375098333
34,25,0.25,0.15,2.0,1.0,1.5,2.0,0.5,42,70,30,58,1.0,True,False,1.6355955558397937,56.25,5.044615919791686,16,-2.224850047641213
34,33,0.15,0.15,2.0,1.0,2.5,99.0,0.5,42,70,30,58,1.0,True,True,1.6277116176717497,41.66666666666667,4.78739348539888,12,-4.137381369837345
34,33,0.1,0.15,2.0,1.0,2.5,99.0,0.5,42,70,30,58,1.0,True,True,1.6277116176717497,41.66666666666667,4.78739348539888,12,-4.137381369837345
34,20,0.25,0.15,2.0,2.0,3.0,99.0,0.5,42,70,30,58,1.0,True,False,1.6195887924459926,53.84615384615385,8.312000904814177,26,-4.368396124725188
34,20,0.25,0.15,2.0,1.0,3.0,99.0,0.5,42,70,30,58,1.0,True,False,1.6186978889352568,40.0,14.340184385334052,30,-7.124806872716524
50,28,0.1,0.15,2.0,1.0,2.5,99.0,0.5,42,70,30,58,1.0,True,True,1.615063974991445,41.66666666666667,9.752472103492819,24,-4.1128749543701
34,20,0.1,0.15,2.0,1.0,1.5,99.0,0.5,42,70,30,58,1.0,True,False,1.6132833211116409,57.89473684210527,6.317504090817237,19,-3.9349389039136136
34,25,0.1,0.15,2.0,1.0,2.5,99.0,0.5,42,70,30,58,1.0,True,True,1.6106326299518658,41.66666666666667,9.774422054661628,24,-4.1631922754191555
34,25,0.25,0.15,2.0,2.0,3.0,99.0,0.5,42,70,30,58,1.0,True,False,1.6091215532626202,53.333333333333336,4.612783974412596,15,-2.110230668104328
34,28,0.25,0.15,2.0,1.5,2.0,99.0,0.5,42,70,30,58,1.0,True,False,1.6091125394378312,58.333333333333336,3.5074107629563693,12,-1.374640885274701
50,33,0.15,0.15,2.0,1.0,1.5,99.0,0.5,42,70,30,58,1.0,True,True,1.603813035993132,53.333333333333336,4.589082852082011,15,-3.0795169068970623
50,33,0.1,0.15,2.0,1.0,1.5,99.0,0.5,42,70,30,58,1.0,True,True,1.603813035993132,53.333333333333336,4.589082852082011,15,-3.0795169068970623
34,28,0.1,0.15,2.0,1.5,2.0,99.0,0.5,42,70,30,58,1.0,True,False,1.6035827315805533,57.14285714285714,1.9551349444562038,7,-1.0737556566332265
34,25,0.1,0.15,2.0,1.0,1.5,2.0,0.5,42,70,30,58,1.0,True,False,1.6026802815657901,55.55555555555556,2.6629677529455513,9,-2.0832619171130844
50,28,0.25,0.15,2.0,1.5,3.0,99.0,0.5,42,70,30,58,1.0,True,False,1.5981248942017623,47.05882352941176,6.110245256359176,17,-3.428606217572817
34,25,0.15,0.15,2.0,1.0,1.5,99.0,0.5,42,70,30,58,1.0,True,False,1.593249466389347,54.54545454545454,3.3606435277320816,11,-2.083261917113081
34,25,0.15,0.15,2.0,1.0,2.0,99.0,0.5,42,70,30,58,1.0,True,False,1.5929342288260726,50.0,3.648358508113215,10,-2.0832619171130773
50,20,0.1,0.15,2.0,1.0,3.0,99.0,0.5,42,70,30,58,1.0,True,False,1.5795352195199097,39.130434782608695,10.302014123946647,23,-5.8512984963882015
34,28,0.15,0.15,2.0,1.0,1.5,99.0,0.5,42,70,30,58,1.0,True,True,1.5783064896365797,52.38095238095239,6.492018644497947,21,-3.075122565276826
34,20,0.1,0.15,2.0,2.0,2.5,99.0,0.5,42,70,30,58,1.0,True,False,1.574479767656947,57.89473684210527,5.07067188244111,19,-3.9734979082399113
50,20,0.25,0.15,2.0,1.5,3.0,99.0,0.5,42,70,30,58,1.0,True,False,1.570148264032809,48.275862068965516,10.688650550659439,29,-6.809564455996783
50,28,0.25,0.15,2.0,1.0,2.0,99.0,0.5,42,70,30,58,1.0,True,False,1.5693311232700007,47.05882352941176,5.803461597414025,17,-3.288876341949444
34,28,0.1,0.15,2.0,1.0,1.5,2.0,0.5,42,70,30,58,1.0,True,True,1.5626858058948918,55.00000000000001,5.549699158938038,20,-3.075122565276804
34,20,0.1,0.15,2.0,1.5,2.0,99.0,0.5,42,70,30,58,1.0,True,False,1.5612514934336872,57.89473684210527,5.237409268681841,19,-4.305775107244793
50,28,0.1,0.15,2.0,1.0,1.5,99.0,0.5,42,70,30,58,1.0,True,True,1.5567360400334582,52.0,7.363148784822078,25,-4.112874954370114
34,25,0.1,0.15,2.0,1.0,1.5,99.0,0.5,42,70,30,58,1.0,True,True,1.552212939633405,52.0,7.3833774312384595,25,-4.163192275419142
50,28,0.15,0.15,2.0,1.0,3.0,99.0,0.5,42,70,30,58,1.0,True,True,1.5504919903218095,36.0,10.117351160457565,25,-4.112874954370093
34,20,0.25,0.15,2.0,1.0,2.0,99.0,0.5,42,70,30,58,1.0,True,False,1.5400165218711799,50.0,10.754498752840318,30,-7.1248068727165315
34,25,0.1,0.15,2.0,1.0,3.0,2.0,0.5,42,70,30,58,1.0,True,False,1.5375913119305062,55.55555555555556,2.366480290131276,9,-2.0832619171130915
34,25,0.1,0.15,2.0,1.0,2.5,2.0,0.5,42,70,30,58,1.0,True,False,1.5375913119305062,55.55555555555556,2.366480290131276,9,-2.0832619171130915
34,25,0.25,0.15,2.0,1.0,2.5,99.0,0.5,42,70,30,58,1.0,True,True,1.5373197431040948,41.935483870967744,11.702234330568372,31,-4.705866719440765
34,28,0.1,0.15,2.0,2.0,2.5,99.0,0.5,42,70,30,58,1.0,True,False,1.535243351411256,57.14285714285714,1.7080560305005748,7,-1.0551667424749354
34,20,0.1,0.15,2.0,1.0,1.5,2.0,0.5,42,70,30,58,1.0,True,False,1.532753501035889,57.89473684210527,5.469162380008074,19,-3.934938903913616
34,20,0.25,0.15,2.0,2.0,2.0,99.0,0.5,42,70,30,58,1.0,True,False,1.5310377540695892,62.96296296296296,5.868836812171303,27,-4.4096069818830985
50,28,0.15,0.15,2.0,1.5,3.0,99.0,0.5,42,70,30,58,1.0,True,False,1.5304672957681842,46.15384615384615,4.23941838923798,13,-3.094114766377796
34,20,0.1,0.15,2.0,1.0,2.5,99.0,0.5,42,70,30,58,1.0,True,True,1.5263407413502306,42.10526315789473,14.795879476323426,38,-9.3160865877662
50,20,0.15,0.15,2.0,1.0,2.5,99.0,0.5,42,70,30,58,1.0,True,False,1.52470903749998,44.0,9.902102890369207,25,-7.886149403233533
50,28,0.1,0.15,2.0,1.5,2.5,99.0,0.5,42,70,30,58,1.0,True,False,1.5197136668935414,50.0,3.369575963596162,12,-3.0941147663777904
50,33,0.1,0.15,2.0,1.0,2.5,99.0,0.5,42,70,30,58,1.0,True,True,1.5187027324223912,40.0,5.067073478842303,15,-5.1352560634352695
50,33,0.15,0.15,2.0,1.0,2.5,99.0,0.5,42,70,30,58,1.0,True,True,1.5187027324223912,40.0,5.067073478842303,15,-5.1352560634352695
34,20,0.15,0.15,2.0,2.0,2.5,99.0,0.5,42,70,30,58,1.0,True,False,1.5148927953344289,57.14285714285714,5.17176855266378,21,-5.025398224240524
34,33,0.1,0.15,2.0,1.5,2.5,99.0,0.5,42,70,30,58,1.0,True,False,1.5131845265575692,50.0,1.667913806669476,6,-2.094417091063559
34,33,0.15,0.15,2.0,1.5,2.5,99.0,0.5,42,70,30,58,1.0,True,False,1.5131845265575692,50.0,1.667913806669476,6,-2.094417091063559
34,25,0.15,0.15,2.0,1.0,1.5,99.0,0.5,42,70,30,58,1.0,True,True,1.5118893165090357,51.85185185185185,7.498200166700007,27,-4.163192275419142
34,25,0.1,0.15,2.0,1.5,2.0,99.0,0.5,42,70,30,58,1.0,True,False,1.509187574743217,55.55555555555556,2.1847036459213087,9,-2.0517836677945853
34,20,0.15,0.15,2.0,1.5,2.0,99.0,0.5,42,70,30,58,1.0,True,False,1.5074173655797385,57.14285714285714,5.375830169790151,21,-5.38466636145737
34,20,0.25,0.15,2.0,1.5,1.5,99.0,0.5,42,70,30,58,1.0,True,False,1.5073547690266949,64.28571428571429,6.0358225937039425,28,-4.2926526233194835
50,33,0.15,0.15,2.0,1.5,3.0,99.0,0.5,42,70,30,58,1.0,True,False,1.5065024919502334,44.44444444444444,2.731536443431269,9,-2.079442844968715
50,33,0.1,0.15,2.0,1.5,3.0,99.0,0.5,42,70,30,58,1.0,True,False,1.5065024919502334,44.44444444444444,2.731536443431269,9,-2.079442844968715
34,20,0.25,0.15,2.0,1.0,2.5,99.0,0.5,42,70,30,58,1.0,True,True,1.4998158388053013,42.30769230769231,20.18846147822649,52,-11.64856609167729
34,28,0.15,0.15,2.0,1.0,3.0,99.0,0.5,42,70,30,58,1.0,True,True,1.495466190407083,35.0,7.336911178952087,20,-3.12689633750982
34,28,0.15,0.15,2.0,1.0,2.5,99.0,0.5,42,70,30,58,1.0,True,True,1.4946870586867056,40.0,6.74791208274206,20,-3.126896337509829
50,28,0.15,0.15,2.0,1.0,2.5,99.0,0.5,42,70,30,58,1.0,True,True,1.494491875150323,40.0,8.452306715929444,25,-4.1128749543701
34,25,0.15,0.15,2.0,1.5,2.5,99.0,0.5,42,70,30,58,1.0,True,False,1.4931161171079461,50.0,2.70514073394852,10,-2.0517836677945844
34,25,0.15,0.15,2.0,1.0,1.5,2.0,0.5,42,70,30,58,1.0,True,False,1.4904112432093752,54.54545454545454,2.772743055883311,11,-2.0832619171130844
34,25,0.1,0.15,2.0,1.0,3.0,99.0,0.5,42,70,30,58,1.0,True,True,1.489685285180742,34.78260869565217,8.257605569625284,23,-4.163192275419174
50,28,0.15,0.15,2.0,1.0,2.0,99.0,0.5,42,70,30,58,1.0,True,False,1.4888294937537803,46.15384615384615,3.874037603444849,13,-3.1569652360693987
34,28,0.1,0.15,2.0,1.5,1.5,99.0,0.5,42,70,30,58,1.0,True,True,1.484325061096797,60.0,4.141189903215163,20,-3.083275685871135
34,20,0.25,0.15,2.0,1.5,2.0,2.0,0.5,42,70,30,58,1.0,True,False,1.48098328464161,62.96296296296296,5.56618028887593,27,-4.675571236305808
34,20,0.25,0.15,2.0,1.5,2.5,99.0,0.5,42,70,30,58,1.0,True,True,1.4793734843080082,50.0,13.95761811465931,48,-9.500286110446078
50,33,0.25,0.15,2.0,1.0,2.5,99.0,0.5,42,70,30,58,1.0,True,False,1.478055241570032,40.0,3.173069925187283,10,-3.1893611983748857
34,20,0.1,0.15,2.0,1.5,1.5,99.0,0.5,42,70,30,58,1.0,True,False,1.476295968891743,63.1578947368421,3.8445748332517176,19,-3.606356459192112
50,20,0.25,0.15,2.0,1.5,2.5,99.0,0.5,42,70,30,58,1.0,True,False,1.4692438943016037,51.61290322580645,8.778597356853771,31,-7.524370240041983
34,28,0.25,0.15,2.0,1.0,2.0,2.0,0.5,42,70,30,58,1.0,True,False,1.4684327025805721,50.0,3.1802395125818292,12,-2.2248500476412008
34,20,0.25,0.15,2.0,1.0,1.5,99.0,0.5,42,70,30,58,1.0,True,False,1.4638836800173853,54.83870967741935,8.084405499866698,31,-5.410511385543062
34,25,0.25,0.15,2.0,1.0,2.0,2.0,0.5,42,70,30,58,1.0,True,False,1.4630966785638193,53.333333333333336,3.856745329106434,15,-2.6592232258993267
34,20,0.1,0.15,2.0,1.5,1.5,99.0,0.5,42,70,30,58,1.0,True,True,1.4624001895497842,61.53846153846154,7.93054591464337,39,-6.687149757971132
34,25,0.25,0.15,2.0,1.5,1.5,99.0,0.5,42,70,30,58,1.0,True,False,1.4623428770359532,62.5,3.1319663906816277,16,-2.0517836677945716
34,20,0.25,0.15,2.0,1.5,1.5,2.0,0.5,42,70,30,58,1.0,True,False,1.4615398261577712,64.28571428571429,5.478867104327382,28,-4.292652623319497
50,28,0.25,0.15,2.0,1.0,2.5,99.0,0.5,42,70,30,58,1.0,True,True,1.4567860814362696,40.0,9.572074386212334,30,-4.318646539280035
34,20,0.25,0.15,2.0,1.5,2.0,99.0,0.5,42,70,30,58,1.0,True,True,1.456034473013859,55.10204081632652,11.819628621096799,49,-9.152602728725597
34,20,0.25,0.15,2.0,1.5,3.0,2.0,0.5,42,70,30,58,1.0,True,False,1.4555015923202925,62.96296296296296,5.264820419261305,27,-4.947693968649687
34,20,0.25,0.15,2.0,1.5,2.5,2.0,0.5,42,70,30,58,1.0,True,False,1.4555015923202925,62.96296296296296,5.264820419261305,27,-4.947693968649687
34,25,0.15,0.15,2.0,1.0,2.5,99.0,0.5,42,70,30,58,1.0,True,True,1.4514494272772587,40.0,7.992093061663145,25,-5.474813465091302
34,28,0.25,0.15,2.0,1.0,2.5,99.0,0.5,42,70,30,58,1.0,True,True,1.4483421980731261,40.0,7.8500819161007165,25,-3.657256258105282
34,20,0.15,0.15,2.0,1.5,1.5,99.0,0.5,42,70,30,58,1.0,True,True,1.4476573468506906,61.904761904761905,8.383952663904036,42,-7.167949003352876
34,20,0.15,0.15,2.0,1.5,1.5,99.0,0.5,42,70,30,58,1.0,True,False,1.4471461254758273,63.63636363636363,4.280816776665379,22,-4.1030296500099395
34,20,0.15,0.15,2.0,1.0,3.0,99.0,0.5,42,70,30,58,1.0,True,False,1.4459012436412382,38.095238095238095,7.57441062784721,21,-6.136721024077355
34,33,0.1,0.15,2.0,2.0,1.5,99.0,0.5,42,70,30,58,1.0,True,True,1.4453279295988597,66.66666666666666,1.8792488901542128,12,-1.0551667424749291
34,33,0.15,0.15,2.0,2.0,1.5,99.0,0.5,42,70,30,58,1.0,True,True,1.4453279295988597,66.66666666666666,1.8792488901542128,12,-1.0551667424749291
34,25,0.1,0.15,2.0,2.0,2.5,99.0,0.5,42,70,30,58,1.0,True,False,1.4436077471109778,55.55555555555556,1.8772917278793284,9,-2.036042646540636
50,20,0.1,0.15,2.0,1.0,2.0,99.0,0.5,42,70,30,58,1.0,True,False,1.4429780897111146,47.82608695652174,6.8321409802995,23,-6.822746649494932
34,28,0.25,0.15,2.0,1.5,2.5,99.0,0.5,42,70,30,58,1.0,True,False,1.4415768421951543,50.0,3.0349911061507555,12,-2.3953385731654633
34,33,0.15,0.15,2.0,2.0,3.0,99.0,0.5,42,70,30,58,1.0,True,False,1.4398921033368592,50.0,1.4077040020022105,6,-2.068020326110751
34,33,0.1,0.15,2.0,2.0,3.0,99.0,0.5,42,70,30,58,1.0,True,False,1.4398921033368592,50.0,1.4077040020022105,6,-2.068020326110751
34,33,0.15,0.15,2.0,1.0,1.5,99.0,0.5,42,70,30,58,1.0,True,False,1.4390285731436228,50.0,1.4638258479308388,6,-2.1472016035429595
34,33,0.1,0.15,2.0,1.0,1.5,99.0,0.5,42,70,30,58,1.0,True,False,1.4390285731436228,50.0,1.4638258479308388,6,-2.1472016035429595
34,25,0.25,0.15,2.0,1.0,1.5,99.0,0.5,42,70,30,58,1.0,True,True,1.438747400334935,51.515151515151516,8.08266212341243,33,-3.657256258105267
34,33,0.15,0.15,2.0,1.0,3.0,99.0,0.5,42,70,30,58,1.0,True,True,1.4357706199027356,33.33333333333333,3.773773523251712,12,-4.1373813698373585
34,33,0.1,0.15,2.0,1.0,3.0,99.0,0.5,42,70,30,58,1.0,True,True,1.4357706199027356,33.33333333333333,3.773773523251712,12,-4.1373813698373585
50,33,0.1,0.15,2.0,1.0,1.5,2.0,0.5,42,70,30,58,1.0,True,True,1.4260917344600912,53.333333333333336,3.2306853683646475,15,-3.0795169068970623
50,33,0.15,0.15,2.0,1.0,1.5,2.0,0.5,42,70,30,58,1.0,True,True,1.4260917344600912,53.333333333333336,3.2306853683646475,15,-3.0795169068970623
50,28,0.1,0.15,2.0,2.0,3.0,99.0,0.5,42,70,30,58,1.0,True,False,1.4236670000341576,50.0,2.7033554208811803,12,-3.062679780281905
50,33,0.1,0.15,2.0,1.0,3.0,99.0,0.5,42,70,30,58,1.0,True,True,1.4225247424655616,33.33333333333333,4.558323403858813,15,-5.13525606343526
50,33,0.15,0.15,2.0,1.0,3.0,99.0,0.5,42,70,30,58,1.0,True,True,1.4225247424655616,33.33333333333333,4.558323403858813,15,-5.13525606343526
50,28,0.15,0.15,2.0,1.0,1.5,99.0,0.5,42,70,30,58,1.0,True,True,1.4217681143753376,50.0,6.091288139913668,26,-4.112874954370114
34,20,0.15,0.15,2.0,1.0,1.5,99.0,0.5,42,70,30,58,1.0,True,False,1.4169032361599805,54.54545454545454,5.2729881340010065,22,-4.404187393280985
50,33,0.1,0.15,2.0,1.0,2.0,99.0,0.5,42,70,30,58,1.0,True,False,1.4165684822057405,44.44444444444444,2.295399798909457,9,-2.1247439042447525
50,33,0.15,0.15,2.0,1.0,2.0,99.0,0.5,42,70,30,58,1.0,True,False,1.4165684822057405,44.44444444444444,2.295399798909457,9,-2.1247439042447525
34,33,0.25,0.15,2.0,1.5,3.0,99.0,0.5,42,70,30,58,1.0,True,False,1.4157204066308242,42.857142857142854,1.7998434654186348,7,-2.110301322862794
50,20,0.25,0.15,2.0,1.0,3.0,99.0,0.5,42,70,30,58,1.0,True,False,1.4150347388259266,36.36363636363637,10.900008296407123,33,-8.135509976977023
34,28,0.15,0.15,2.0,2.0,3.0,99.0,0.5,42,70,30,58,1.0,True,False,1.413001598977502,50.0,1.7924533563046134,8,-2.1356612717212413
34,25,0.25,0.15,2.0,1.0,2.5,2.0,0.5,42,70,30,58,1.0,True,False,1.4108606226429865,53.333333333333336,3.4148077539293444,15,-2.6592232258993356
34,25,0.25,0.15,2.0,1.0,3.0,2.0,0.5,42,70,30,58,1.0,True,False,1.4108606226429865,53.333333333333336,3.4148077539293444,15,-2.6592232258993356
34,25,0.15,0.15,2.0,2.0,3.0,99.0,0.5,42,70,30,58,1.0,True,False,1.410426025128654,50.0,2.210032589675011,10,-2.036042646540633
34,20,0.1,0.15,2.0,1.5,2.5,99.0,0.5,42,70,30,58,1.0,True,True,1.4093855440794723,48.64864864864865,9.171291026970849,37,-7.9296175445722135
34,28,0.25,0.15,2.0,2.0,3.0,99.0,0.5,42,70,30,58,1.0,True,False,1.4086043606783571,50.0,2.650058742126366,12,-2.1068556981269504
34,20,0.15,0.15,2.0,1.5,2.5,99.0,0.5,42,70,30,58,1.0,True,True,1.406053718314809,48.717948717948715,9.674471876590578,39,-8.967652290289568
34,20,0.1,0.15,2.0,1.5,1.5,2.0,0.5,42,70,30,58,1.0,True,False,1.4049091067824204,63.1578947368421,3.2597709440603286,19,-3.606356459192111
34,25,0.25,0.15,2.0,1.5,1.5,2.0,0.5,42,70,30,58,1.0,True,False,1.4047577714847177,62.5,2.7389507924086502,16,-2.0517836677945676
34,28,0.25,0.15,2.0,1.0,3.0,2.0,0.5,42,70,30,58,1.0,True,False,1.4046454695881787,50.0,2.741180646334069,12,-2.2248500476411968
34,28,0.25,0.15,2.0,1.0,2.5,2.0,0.5,42,70,30,58,1.0,True,False,1.4046454695881787,50.0,2.741180646334069,12,-2.2248500476411968
34,25,0.25,0.15,2.0,1.5,2.0,2.0,0.5,42,70,30,58,1.0,True,False,1.4034931328311013,60.0,2.61841069482527,15,-2.051783667794566
34,28,0.15,0.15,2.0,1.5,2.5,99.0,0.5,42,70,30,58,1.0,True,False,1.4016790405983355,50.0,1.8830390750830521,8,-2.4336362576439057
34,33,0.1,0.15,2.0,1.0,1.5,2.0,0.5,42,70,30,58,1.0,True,False,1.4009411069239726,50.0,1.3357059735938674,6,-2.1472016035429657
34,33,0.15,0.15,2.0,1.0,1.5,2.0,0.5,42,70,30,58,1.0,True,False,1.4009411069239726,50.0,1.3357059735938674,6,-2.1472016035429657
34,20,0.25,0.15,2.0,1.0,1.5,2.0,0.5,42,70,30,58,1.0,True,False,1.4000741410947672,54.83870967741935,6.9371052660513675,31,-5.410511385543078
50,25,0.15,0.15,2.0,1.0,2.5,99.0,0.5,42,70,30,58,1.0,True,False,1.3996403693092259,40.0,4.2605326608268665,15,-3.4571722886821283
50,25,0.25,0.15,2.0,1.5,3.0,99.0,0.5,42,70,30,58,1.0,True,False,1.3982227306148003,45.0,5.222528140173454,20,-3.3446219735412557
34,20,0.1,0.15,2.0,2.0,3.0,99.0,0.5,42,70,30,58,1.0,True,False,1.3969879478464116,50.0,3.8751073704506056,18,-3.706488878618309
50,25,0.25,0.15,2.0,1.0,2.0,99.0,0.5,42,70,30,58,1.0,True,False,1.3944355945076705,45.0,5.063852324130676,20,-3.7185225064067047
34,20,0.25,0.15,2.0,1.5,3.0,99.0,0.5,42,70,30,58,1.0,True,True,1.3939573490747794,43.47826086956522,12.117988047917315,46,-8.8007534972527
50,28,0.1,0.15,2.0,1.0,1.5,2.0,0.5,42,70,30,58,1.0,True,True,1.3917574423128538,52.0,5.1211302540618275,25,-4.112874954370089
50,28,0.1,0.15,2.0,1.0,2.0,2.0,0.5,42,70,30,58,1.0,True,False,1.3893239235264676,50.0,2.5674020243303493,12,-3.1569652360694014
34,28,0.1,0.15,2.0,2.0,1.5,99.0,0.5,42,70,30,58,1.0,True,True,1.3886113492345882,65.0,2.8722658854236944,20,-2.0416084877277108
34,28,0.15,0.15,2.0,1.0,1.5,2.0,0.5,42,70,30,58,1.0,True,True,1.387629876997757,52.38095238095239,4.299321259615862,21,-3.075122565276804
34,20,0.15,0.15,2.0,2.0,3.0,99.0,0.5,42,70,30,58,1.0,True,False,1.3854594755277556,50.0,4.231742667433592,20,-4.761314083857998
34,28,0.25,0.15,2.0,2.0,1.5,99.0,0.5,42,70,30,58,1.0,True,True,1.3852546053095338,65.38461538461539,3.6957589894388367,26,-2.0416084877277125
34,20,0.15,0.15,2.0,1.5,1.5,2.0,0.5,42,70,30,58,1.0,True,False,1.385195418277724,63.63636363636363,3.67756791731048,22,-4.103029650009947
50,20,0.1,0.15,2.0,1.0,2.5,99.0,0.5,42,70,30,58,1.0,True,True,1.3830781073280094,39.53488372093023,12.640352224048513,43,-11.2538576151698
34,20,0.25,0.15,2.0,1.5,1.5,99.0,0.5,42,70,30,58,1.0,True,True,1.3819353997606536,60.78431372549019,8.900991709059198,51,-8.33235218851164
34,20,0.1,0.15,2.0,1.0,1.5,99.0,0.5,42,70,30,58,1.0,True,True,1.3817978833635833,51.28205128205128,8.677109209671436,39,-6.647686693792483
50,28,0.1,0.15,2.0,1.0,1.5,99.0,0.5,42,70,30,58,1.0,True,False,1.3793923772343981,50.0,2.510425502471098,12,-3.156965236069402
50,20,0.25,0.15,2.0,1.0,2.5,99.0,0.5,42,70,30,58,1.0,True,True,1.379386608156148,40.0,16.470079706494598,55,-12.58568743196253
34,20,0.15,0.15,2.0,1.0,2.5,99.0,0.5,42,70,30,58,1.0,True,True,1.3792099979540162,40.0,11.703078709341753,40,-10.788456608468351
34,25,0.25,0.15,2.0,2.0,2.0,99.0,0.5,42,70,30,58,1.0,True,False,1.3775100530213304,60.0,2.4114564184033225,15,-2.0360426465406194
34,28,0.25,0.15,2.0,1.0,1.5,99.0,0.5,42,70,30,58,1.0,True,True,1.3759022164053747,50.0,5.6144686102858214,26,-3.657256258105267
34,28,0.15,0.15,2.0,1.0,2.0,2.0,0.5,42,70,30,58,1.0,True,False,1.3706519560200892,50.0,1.6897208139040232,8,-2.2824072479287913
34,28,0.25,0.15,2.0,1.0,1.5,99.0,0.5,42,70,30,58,1.0,True,False,1.369618526488765,50.0,2.512594088837286,12,-2.2248500476412034
34,28,0.15,0.15,2.0,1.0,1.5,99.0,0.5,42,70,30,58,1.0,True,False,1.3673795481237643,50.0,1.6786697057812308,8,-2.2824072479287962
34,25,0.25,0.15,2.0,1.5,3.0,2.0,0.5,42,70,30,58,1.0,True,False,1.3587075450567019,60.0,2.32546582571631,15,-2.051783667794566
34,25,0.25,0.15,2.0,1.5,2.5,2.0,0.5,42,70,30,58,1.0,True,False,1.3587075450567019,60.0,2.32546582571631,15,-2.051783667794566
50,20,0.15,0.15,2.0,1.0,3.0,99.0,0.5,42,70,30,58,1.0,True,False,1.357381186141808,36.0,7.330285910021285,25,-7.37992381002902
50,28,0.1,0.15,2.0,1.0,1.5,2.0,0.5,42,70,30,58,1.0,True,False,1.3555459891119608,50.0,2.350426918748544,12,-3.156965236069397
34,20,0.15,0.15,2.0,1.0,2.0,99.0,0.5,42,70,30,58,1.0,True,False,1.3525674210359686,47.61904761904761,5.211723884117818,21,-6.334108086221296
34,20,0.15,0.15,2.0,1.0,1.5,2.0,0.5,42,70,30,58,1.0,True,False,1.3516606164265872,54.54545454545454,4.432980953440147,22,-4.404187393280981
34,25,0.15,0.15,2.0,1.0,3.0,99.0,0.5,42,70,30,58,1.0,True,True,1.3510598531752775,33.33333333333333,6.499904044007089,24,-4.955336010654237
34,28,0.25,0.15,2.0,1.0,1.5,2.0,0.5,42,70,30,58,1.0,True,False,1.3508742339383333,50.0,2.3831499193230776,12,-2.2248500476412136
50,28,0.25,0.15,2.0,1.0,3.0,99.0,0.5,42,70,30,58,1.0,True,True,1.3499830732755342,33.33333333333333,7.980259679281608,30,-6.658703928296634
34,33,0.1,0.15,2.0,1.5,1.5,99.0,0.5,42,70,30,58,1.0,True,True,1.345959913147306,58.333333333333336,1.8266364345731927,12,-2.132446808975637
34,33,0.15,0.15,2.0,1.5,1.5,99.0,0.5,42,70,30,58,1.0,True,True,1.345959913147306,58.333333333333336,1.8266364345731927,12,-2.132446808975637
34,28,0.25,0.15,2.0,1.5,2.0,2.0,0.5,42,70,30,58,1.0,True,False,1.3426730420441773,58.333333333333336,1.9529028486055904,12,-1.3746408852747027
34,28,0.15,0.15,2.0,1.0,1.5,2.0,0.5,42,70,30,58,1.0,True,False,1.3396057966772452,50.0,1.5502785449257317,8,-2.2824072479287962
50,20,0.1,0.15,2.0,1.0,1.5,99.0,0.5,42,70,30,58,1.0,True,False,1.3341531799224682,52.17391304347826,4.531570492790015,23,-5.987696500418468
50,25,0.1,0.15,2.0,1.0,2.0,99.0,0.5,42,70,30,58,1.0,True,False,1.330591360663045,42.857142857142854,2.916684592419424,14,-3.1569652360693987
50,25,0.1,0.15,2.0,1.0,1.5,99.0,0.5,42,70,30,58,1.0,True,True,1.330024871302327,48.38709677419355,5.856193384973048,31,-5.179196485343559
50,20,0.25,0.15,2.0,1.5,2.0,99.0,0.5,42,70,30,58,1.0,True,False,1.3293146457012348,54.83870967741935,5.615928421455756,31,-7.169095750214141
34,25,0.25,0.15,2.0,1.0,3.0,99.0,0.5,42,70,30,58,1.0,True,True,1.327228638154102,33.33333333333333,7.557012096725248,30,-5.648504144400935
34,20,0.1,0.15,2.0,1.5,2.0,99.0,0.5,42,70,30,58,1.0,True,True,1.3270247451534305,52.63157894736842,6.779729665164232,38,-8.231479691215975
50,28,0.25,0.15,2.0,1.5,2.0,99.0,0.5,42,70,30,58,1.0,True,False,1.325579820259613,52.94117647058824,2.896047158220408,17,-2.418713893690289
50,28,0.1,0.15,2.0,1.0,3.0,2.0,0.5,42,70,30,58,1.0,True,False,1.3236153133948694,50.0,2.1309509416470975,12,-3.1569652360694014
50,28,0.1,0.15,2.0,1.0,2.5,2.0,0.5,42,70,30,58,1.0,True,False,1.3236153133948694,50.0,2.1309509416470975,12,-3.1569652360694014
50,20,0.25,0.15,2.0,1.0,2.0,99.0,0.5,42,70,30,58,1.0,True,False,1.3220866897379009,45.45454545454545,7.423018076667086,33,-8.669039373185031
50,20,0.1,0.15,2.0,1.0,1.5,99.0,0.5,42,70,30,58,1.0,True,True,1.3189898895257146,50.0,8.362688646110055,44,-8.642477183739143
34,28,0.1,0.15,2.0,1.5,1.5,2.0,0.5,42,70,30,58,1.0,True,True,1.3184356717221886,60.0,2.7020896345623444,20,-3.0832756858711408
34,33,0.25,0.15,2.0,1.0,2.0,99.0,0.5,42,70,30,58,1.0,True,False,1.315416293275099,42.857142857142854,1.3999096851926514,7,-2.1710177915156637
50,25,0.15,0.15,2.0,1.0,1.5,99.0,0.5,42,70,30,58,1.0,True,True,1.3141171510429153,48.484848484848484,5.969383135386633,33,-5.179196485343559
34,20,0.15,0.15,2.0,1.5,2.0,99.0,0.5,42,70,30,58,1.0,True,True,1.3135797051888551,52.5,6.920179211604645,40,-9.266111134065731
34,25,0.25,0.15,2.0,2.0,2.5,99.0,0.5,42,70,30,58,1.0,True,False,1.3092838898476225,53.333333333333336,2.312917594188184,15,-2.1102306681043097
50,28,0.25,0.15,2.0,1.5,2.5,99.0,0.5,42,70,30,58,1.0,True,False,1.3085624176882653,47.05882352941176,3.101308987858065,17,-3.4286062175728333
34,33,0.25,0.15,2.0,1.0,1.5,99.0,0.5,42,70,30,58,1.0,True,True,1.3071882018828038,50.0,2.4851601674862103,14,-4.712850725269015
50,25,0.25,0.15,2.0,1.0,2.5,99.0,0.5,42,70,30,58,1.0,True,True,1.305905277060663,37.83783783783784,8.359521712595487,37,-6.291368933569179
50,20,0.1,0.15,2.0,1.0,1.5,2.0,0.5,42,70,30,58,1.0,True,False,1.3053774883744234,52.17391304347826,4.1278924555486265,23,-5.987696500418461
34,20,0.15,0.15,2.0,1.0,1.5,99.0,0.5,42,70,30,58,1.0,True,True,1.3039934887782219,50.0,7.609411320401923,42,-6.547867073364307
50,25,0.1,0.15,2.0,1.0,2.5,99.0,0.5,42,70,30,58,1.0,True,True,1.300482047751356,36.666666666666664,6.4893996204023825,30,-5.967934817996444
34,33,0.15,0.15,2.0,1.0,2.0,99.0,0.5,42,70,30,58,1.0,True,True,1.299559084490193,41.66666666666667,2.2555294324671378,12,-4.137381369837368
34,33,0.1,0.15,2.0,1.0,2.0,99.0,0.5,42,70,30,58,1.0,True,True,1.299559084490193,41.66666666666667,2.2555294324671378,12,-4.137381369837368
34,33,0.25,0.15,2.0,2.0,1.5,99.0,0.5,42,70,30,58,1.0,True,True,1.2958017211006885,64.28571428571429,1.5548600763031208,14,-2.0535985446093665
34,28,0.25,0.15,2.0,1.5,1.5,99.0,0.5,42,70,30,58,1.0,True,True,1.2930206208601556,57.692307692307686,3.5203718312477212,26,-3.2347763094697024
50,20,0.25,0.15,2.0,1.5,2.0,99.0,0.5,42,70,30,58,1.0,True,True,1.2925440123292613,52.83018867924528,8.750026662594264,53,-10.977337122731589
34,28,0.25,0.15,2.0,1.5,3.0,2.0,0.5,42,70,30,58,1.0,True,False,1.291970665515207,58.333333333333336,1.6618578053425517,12,-1.4296853609202815
34,28,0.25,0.15,2.0,1.5,2.5,2.0,0.5,42,70,30,58,1.0,True,False,1.291970665515207,58.333333333333336,1.6618578053425517,12,-1.4296853609202815
34,28,0.25,0.15,2.0,2.0,2.0,99.0,0.5,42,70,30,58,1.0,True,False,1.2888293840944272,58.333333333333336,1.5439986626209066,12,-1.168211646805883
50,28,0.25,0.15,2.0,1.0,1.5,99.0,0.5,42,70,30,58,1.0,True,True,1.2882091273855538,48.38709677419355,5.217040335037418,31,-4.200539297951124
34,33,0.1,0.15,2.0,2.0,1.5,2.0,0.5,42,70,30,58,1.0,True,True,1.2878420268892434,66.66666666666666,1.2124318198602668,12,-1.2070864969504123
34,33,0.15,0.15,2.0,2.0,1.5,2.0,0.5,42,70,30,58,1.0,True,True,1.2878420268892434,66.66666666666666,1.2124318198602668,12,-1.2070864969504123
50,25,0.25,0.15,2.0,1.0,1.5,99.0,0.5,42,70,30,58,1.0,True,True,1.2877581267736797,48.717948717948715,6.545532995783105,39,-4.687098432424325
50,28,0.25,0.15,2.0,1.0,2.0,2.0,0.5,42,70,30,58,1.0,True,False,1.2837972431352052,47.05882352941176,2.837927169663708,17,-3.288876341949444
50,20,0.15,0.15,2.0,1.5,3.0,99.0,0.5,42,70,30,58,1.0,True,False,1.2810265015289375,43.47826086956522,4.482789806398887,23,-7.625015832982738
34,20,0.25,0.15,2.0,1.0,1.5,99.0,0.5,42,70,30,58,1.0,True,True,1.2769708156473902,50.0,9.06197160111642,54,-8.352328092420194
34,28,0.15,0.15,2.0,1.0,3.0,2.0,0.5,42,70,30,58,1.0,True,False,1.2763453068472161,50.0,1.257004493991226,8,-2.282407247928795
34,28,0.15,0.15,2.0,1.0,2.5,2.0,0.5,42,70,30,58,1.0,True,False,1.2763453068472161,50.0,1.257004493991226,8,-2.282407247928795
34,28,0.15,0.15,2.0,1.5,1.5,99.0,0.5,42,70,30,58,1.0,True,True,1.2726409693158898,57.14285714285714,2.7096225283939748,21,-3.083275685871135
34,28,0.25,0.15,2.0,1.0,3.0,99.0,0.5,42,70,30,58,1.0,True,True,1.2724093052251992,32.0,5.253780808679876,25,-5.648504144400935
50,28,0.15,0.15,2.0,1.0,1.5,2.0,0.5,42,70,30,58,1.0,True,True,1.2714525393498313,50.0,3.875829328821692,26,-4.112874954370089
34,20,0.25,0.15,2.0,1.0,3.0,99.0,0.5,42,70,30,58,1.0,True,True,1.2703474542359843,33.33333333333333,11.365588769212556,51,-11.040986009567327
50,20,0.15,0.15,2.0,1.0,2.5,99.0,0.5,42,70,30,58,1.0,True,True,1.2691191838895715,37.77777777777778,9.605625112406251,45,-12.69476542983804
34,25,0.25,0.15,2.0,1.5,1.5,99.0,0.5,42,70,30,58,1.0,True,True,1.2687492701256127,57.57575757575758,4.084272103230523,33,-3.2347763094697024
50,20,0.25,0.15,2.0,2.0,3.0,99.0,0.5,42,70,30,58,1.0,True,False,1.266103695719464,48.275862068965516,4.506944843554884,29,-6.792231500302439
50,20,0.15,0.15,2.0,1.5,2.5,99.0,0.5,42,70,30,58,1.0,True,False,1.265860622086473,48.0,4.273518511640596,25,-7.964879822942146
34,20,0.1,0.15,2.0,2.0,1.5,99.0,0.5,42,70,30,58,1.0,True,True,1.259993272181561,64.1025641025641,3.982425843095607,39,-6.814549148099945
50,25,0.1,0.15,2.0,1.5,3.0,99.0,0.5,42,70,30,58,1.0,True,False,1.2597078296226452,42.857142857142854,2.5018912005252605,14,-4.01918526689923
50,20,0.1,0.15,2.0,1.5,2.5,99.0,0.5,42,70,30,58,1.0,True,False,1.2571846697803473,47.82608695652174,3.79511695893867,23,-6.915410541157731
34,20,0.15,0.15,2.0,2.0,1.5,99.0,0.5,42,70,30,58,1.0,True,True,1.2571210019032264,64.28571428571429,4.24900549643111,42,-7.229812219545037
50,20,0.15,0.15,2.0,1.0,1.5,99.0,0.5,42,70,30,58,1.0,True,True,1.2561144691593304,48.93617021276596,7.298079780596327,47,-8.544790549870022
50,33,0.25,0.15,2.0,1.5,3.0,99.0,0.5,42,70,30,58,1.0,True,False,1.2552799920229658,40.0,1.6389072636592026,10,-3.1157214926273675
50,28,0.25,0.15,2.0,2.0,3.0,99.0,0.5,42,70,30,58,1.0,True,False,1.2536111956828246,47.05882352941176,2.437647953622309,17,-3.1286829170068184
34,20,0.1,0.15,2.0,1.0,2.0,2.0,0.5,42,70,30,58,1.0,True,False,1.2529898008303313,52.63157894736842,2.9464206755267153,19,-4.788222363665062
34,20,0.1,0.15,2.0,1.0,3.0,99.0,0.5,42,70,30,58,1.0,True,True,1.2517177066491048,32.432432432432435,7.489833999245839,37,-8.81771943056015
34,25,0.25,0.15,2.0,2.0,1.5,99.0,0.5,42,70,30,58,1.0,True,True,1.2508406538187238,63.63636363636363,3.2249738047343457,33,-3.552913612620607
50,20,0.1,0.15,2.0,1.5,3.0,99.0,0.5,42,70,30,58,1.0,True,False,1.2508232417065321,42.857142857142854,3.6635502800593347,21,-6.571671108685094
34,28,0.25,0.15,2.0,2.0,1.5,2.0,0.5,42,70,30,58,1.0,True,True,1.2484272143479016,65.38461538461539,2.3663987390468537,26,-2.041608487727724
34,28,0.25,0.15,2.0,1.5,1.5,99.0,0.5,42,70,30,58,1.0,True,False,1.2481953775417052,58.333333333333336,1.4156392504583346,12,-1.4726551393074236
50,28,0.15,0.15,2.0,1.5,2.5,99.0,0.5,42,70,30,58,1.0,True,False,1.2472383234616804,46.15384615384615,1.9486155094654714,13,-3.0941147663777904
50,25,0.1,0.15,2.0,1.0,3.0,99.0,0.5,42,70,30,58,1.0,True,True,1.2457233903855516,31.03448275862069,5.530210918515768,29,-5.451167386512287
34,28,0.1,0.15,2.0,2.0,1.5,2.0,0.5,42,70,30,58,1.0,True,True,1.2453372142147936,65.0,1.8025128766774832,20,-2.04160848772773
50,28,0.1,0.15,2.0,1.5,1.5,99.0,0.5,42,70,30,58,1.0,True,True,1.244839627751658,56.00000000000001,2.846185954357934,25,-4.182278884390732
34,20,0.1,0.15,2.0,2.0,2.0,99.0,0.5,42,70,30,58,1.0,True,False,1.2440391577970802,57.89473684210527,2.1115389841433716,19,-4.21056053346592
34,25,0.1,0.15,2.0,1.5,1.5,99.0,0.5,42,70,30,58,1.0,True,True,1.243946337430184,56.00000000000001,2.8582747263098645,25,-4.088970261665241
50,20,0.25,0.15,2.0,1.0,1.5,99.0,0.5,42,70,30,58,1.0,True,True,1.2431497081928358,49.122807017543856,8.457524982855192,57,-9.324411796473816
50,20,0.25,0.15,2.0,1.5,2.5,99.0,0.5,42,70,30,58,1.0,True,True,1.2423587327299315,46.15384615384615,8.21027469412824,52,-11.318037037188258
34,20,0.25,0.15,2.0,2.0,2.5,99.0,0.5,42,70,30,58,1.0,True,True,1.2423568754421253,52.17391304347826,6.09281685836646,46,-9.978284474973341
50,28,0.25,0.15,2.0,1.0,2.5,2.0,0.5,42,70,30,58,1.0,True,False,1.2405038219276037,47.05882352941176,2.400324931835221,17,-3.288876341949449
50,28,0.25,0.15,2.0,1.0,3.0,2.0,0.5,42,70,30,58,1.0,True,False,1.2405038219276037,47.05882352941176,2.400324931835221,17,-3.288876341949449
34,20,0.15,0.15,2.0,1.5,3.0,99.0,0.5,42,70,30,58,1.0,True,True,1.239642781344154,40.54054054054054,6.051213757952864,37,-8.631491302522388
50,20,0.25,0.15,2.0,1.0,1.5,99.0,0.5,42,70,30,58,1.0,True,False,1.2361024279075539,50.0,4.833643031102638,34,-6.689447618476116
34,28,0.25,0.15,2.0,1.5,1.5,2.0,0.5,42,70,30,58,1.0,True,False,1.2332796331109477,58.333333333333336,1.3298622975241596,12,-1.472655139307441
34,28,0.25,0.15,2.0,1.0,1.5,2.0,0.5,42,70,30,58,1.0,True,True,1.2327233261555242,50.0,3.439840200803119,26,-4.06702763694025
34,28,0.1,0.15,2.0,1.0,2.0,99.0,0.5,42,70,30,58,1.0,True,True,1.231048441098791,40.0,3.04320822840009,20,-4.115521832953298
34,20,0.25,0.15,2.0,2.0,2.0,99.0,0.5,42,70,30,58,1.0,True,True,1.2286492166232303,57.446808510638306,5.140315670040218,47,-9.493615505598502
50,28,0.1,0.15,2.0,1.0,2.0,99.0,0.5,42,70,30,58,1.0,True,True,1.2226908178063172,40.0,3.6694618612848533,25,-4.112874954370109
34,25,0.1,0.15,2.0,1.0,2.0,99.0,0.5,42,70,30,58,1.0,True,True,1.222293758806946,40.0,3.689597846864945,25,-4.725765363665968
50,20,0.15,0.15,2.0,1.0,1.5,99.0,0.5,42,70,30,58,1.0,True,False,1.22086635660552,50.0,3.5046004345246367,26,-6.271908846957505
50,25,0.25,0.15,2.0,1.0,1.5,99.0,0.5,42,70,30,58,1.0,True,False,1.2207202797614862,47.61904761904761,2.6907381564800015,21,-2.4141317918569394
50,20,0.25,0.15,2.0,1.5,3.0,99.0,0.5,42,70,30,58,1.0,True,True,1.2203857999499377,40.816326530612244,7.610158517235796,49,-10.632555032568838
50,33,0.1,0.15,2.0,1.5,2.5,99.0,0.5,42,70,30,58,1.0,True,False,1.2199970745066129,44.44444444444444,1.1755237573085104,9,-2.079442844968714
50,33,0.15,0.15,2.0,1.5,2.5,99.0,0.5,42,70,30,58,1.0,True,False,1.2199970745066129,44.44444444444444,1.1755237573085104,9,-2.079442844968714
34,20,0.1,0.15,2.0,2.0,2.5,99.0,0.5,42,70,30,58,1.0,True,True,1.2198477023178373,51.35135135135135,4.4263092268511715,37,-7.988945014999831
34,20,0.1,0.15,2.0,1.5,3.0,99.0,0.5,42,70,30,58,1.0,True,True,1.2190913881557799,40.0,5.219676369950612,35,-7.589623339336369
34,20,0.25,0.15,2.0,2.0,1.5,99.0,0.5,42,70,30,58,1.0,True,False,1.2190071104240194,64.28571428571429,2.3720826166409097,28,-4.257283862484182
50,20,0.15,0.15,2.0,1.0,2.0,99.0,0.5,42,70,30,58,1.0,True,False,1.2178677260325415,44.0,3.9538971873216178,25,-8.335599252370624
50,20,0.25,0.15,2.0,1.0,1.5,2.0,0.5,42,70,30,58,1.0,True,False,1.2169968223343761,50.0,4.428798455859415,34,-6.689447618476079
34,20,0.1,0.15,2.0,1.0,3.0,2.0,0.5,42,70,30,58,1.0,True,False,1.2158526373641068,52.63157894736842,2.508356769496022,19,-5.193373343541856
34,20,0.1,0.15,2.0,1.0,2.5,2.0,0.5,42,70,30,58,1.0,True,False,1.2158526373641068,52.63157894736842,2.508356769496022,19,-5.193373343541856
50,28,0.25,0.15,2.0,1.0,1.5,99.0,0.5,42,70,30,58,1.0,True,False,1.2122379504396752,47.05882352941176,2.1268381976601267,17,-3.28887634194944
34,20,0.15,0.15,2.0,2.0,2.5,99.0,0.5,42,70,30,58,1.0,True,True,1.2114046342297982,51.28205128205128,4.526785905617344,39,-8.99685903567075
50,28,0.15,0.15,2.0,2.0,3.0,99.0,0.5,42,70,30,58,1.0,True,False,1.2113037142140652,46.15384615384615,1.581817185744876,13,-3.062679780281905
50,28,0.1,0.15,2.0,1.5,2.0,99.0,0.5,42,70,30,58,1.0,True,False,1.2111035184904528,50.0,1.352939813097619,12,-3.094114766377789
50,33,0.1,0.15,2.0,1.0,2.0,99.0,0.5,42,70,30,58,1.0,True,True,1.2105380621576611,40.0,2.028302550678982,15,-5.1352560634352615
50,33,0.15,0.15,2.0,1.0,2.0,99.0,0.5,42,70,30,58,1.0,True,True,1.2105380621576611,40.0,2.028302550678982,15,-5.1352560634352615
50,25,0.25,0.15,2.0,1.0,1.5,2.0,0.5,42,70,30,58,1.0,True,False,1.2077970472701602,47.61904761904761,2.53045814021898,21,-2.4141317918569483
34,28,0.15,0.15,2.0,2.0,1.5,99.0,0.5,42,70,30,58,1.0,True,True,1.2060244960799076,61.904761904761905,1.7488831190788188,21,-2.0416084877277108
50,20,0.25,0.15,2.0,1.5,1.5,99.0,0.5,42,70,30,58,1.0,True,True,1.204968924097453,58.18181818181818,5.562909242896112,55,-10.173561896256807
50,25,0.15,0.15,2.0,1.0,2.5,99.0,0.5,42,70,30,58,1.0,True,True,1.204823843760615,35.483870967741936,4.760407193587925,31,-7.494666390875539
